-- 5 Star General Portfolio Management Database Backup
-- Generated on: 2025-07-30T06:44:45.303Z
-- Database: portfolio_management

SET FOREIGN_KEY_CHECKS = 0;

-- Table structure for portfolio_items
DROP TABLE IF EXISTS `portfolio_items`;
CREATE TABLE `portfolio_items` (
  `id` int NOT NULL AUTO_INCREMENT,
  `portfolio_id` int NOT NULL,
  `symbol` varchar(20) NOT NULL,
  `name` varchar(255) NOT NULL,
  `type` enum('stock','bond','cash','crypto','etf','mutual_fund','other') NOT NULL,
  `quantity` decimal(15,6) NOT NULL,
  `purchase_price` decimal(15,2) NOT NULL,
  `current_price` decimal(15,2) DEFAULT NULL,
  `purchase_date` date NOT NULL,
  `sector` varchar(100) DEFAULT NULL,
  `currency` varchar(3) DEFAULT 'USD',
  `created_at` timestamp NULL DEFAULT CURRENT_TIMESTAMP,
  `updated_at` timestamp NULL DEFAULT CURRENT_TIMESTAMP ON UPDATE CURRENT_TIMESTAMP,
  PRIMARY KEY (`id`),
  KEY `idx_portfolio_symbol` (`portfolio_id`,`symbol`),
  KEY `idx_type` (`type`),
  KEY `idx_symbol` (`symbol`),
  CONSTRAINT `portfolio_items_ibfk_1` FOREIGN KEY (`portfolio_id`) REFERENCES `portfolios` (`id`) ON DELETE CASCADE
) ENGINE=InnoDB AUTO_INCREMENT=42 DEFAULT CHARSET=utf8mb4 COLLATE=utf8mb4_0900_ai_ci;

-- Data for table portfolio_items
INSERT INTO `portfolio_items` VALUES
(1, 1, 'AAPL', 'Apple Inc.', 'stock', '50.000000', '150.00', '175.50', '2024-01-14 16:00:00', 'Technology', 'USD', '2025-07-28 12:44:44', '2025-07-28 12:44:44'),
(2, 1, 'GOOGL', 'Alphabet Inc.', 'stock', '60.000000', '2887.94', '2950.75', '2025-07-28 16:00:00', 'Technology', 'USD', '2025-07-28 12:44:44', '2025-07-29 03:34:29'),
(3, 1, 'MSFT', 'Microsoft Corporation', 'stock', '60.000000', '365.13', '380.25', '2025-07-27 16:00:00', 'Technology', 'USD', '2025-07-28 12:44:44', '2025-07-29 03:15:53'),
(4, 1, 'TSLA', 'Tesla Inc.', 'stock', '20.000000', '220.00', '245.80', '2024-02-09 16:00:00', 'Automotive', 'USD', '2025-07-28 12:44:44', '2025-07-28 12:44:44'),
(5, 1, 'BND', 'Vanguard Total Bond Market ETF', 'etf', '110.000000', '80.20', '82.15', '2025-07-28 16:00:00', 'Bonds', 'USD', '2025-07-28 12:44:44', '2025-07-29 03:15:57'),
(6, 1, 'CASH', 'Cash Holdings', 'cash', '5000.000000', '1.00', '1.00', '2023-12-31 16:00:00', 'Cash', 'USD', '2025-07-28 12:44:44', '2025-07-28 12:44:44'),
(7, 1, 'AMZN_0', 'Amazon.com Inc.', 'stock', '48.000000', '208.00', '203.28', '2024-02-29 16:00:00', 'Technology', 'USD', '2025-07-28 12:46:00', '2025-07-28 12:46:00'),
(8, 1, 'META_1', 'Meta Platforms Inc.', 'stock', '49.000000', '245.00', '271.08', '2024-02-29 16:00:00', 'Technology', 'USD', '2025-07-28 12:46:00', '2025-07-28 12:46:00'),
(9, 1, 'NFLX_2', 'Netflix Inc.', 'stock', '39.000000', '100.00', '114.24', '2024-02-29 16:00:00', 'Entertainment', 'USD', '2025-07-28 12:46:00', '2025-07-28 12:46:00'),
(10, 1, 'UBER_3', 'Uber Technologies Inc.', 'stock', '23.000000', '225.00', '248.59', '2024-02-29 16:00:00', 'Transportation', 'USD', '2025-07-28 12:46:00', '2025-07-28 12:46:00'),
(11, 1, 'SPOT_4', 'Spotify Technology S.A.', 'stock', '32.000000', '171.00', '181.42', '2024-02-29 16:00:00', 'Technology', 'USD', '2025-07-28 12:46:00', '2025-07-28 12:46:00'),
(12, 1, 'ALBB', 'Alibaba, Inc.', 'stock', '100.000000', '70.00', '7.00', '2025-07-28 16:00:00', 'Technology', 'USD', '2025-07-29 02:34:01', '2025-07-29 02:34:01'),
(34, 7, 'AAPL', 'Alibaba, Inc.', 'stock', '100.000000', '100.00', '99.00', '2025-07-29 16:00:00', 'Technology', 'USD', '2025-07-30 02:43:37', '2025-07-30 02:43:37'),
(35, 7, 'AAPL', 'Apple, Inc.', 'stock', '250.000000', '200.00', '202.00', '2025-07-29 16:00:00', 'Technology', 'USD', '2025-07-30 02:44:40', '2025-07-30 02:44:40');

-- Table structure for portfolio_performance
DROP TABLE IF EXISTS `portfolio_performance`;
CREATE TABLE `portfolio_performance` (
  `id` int NOT NULL AUTO_INCREMENT,
  `portfolio_id` int NOT NULL,
  `date` date NOT NULL,
  `total_value` decimal(15,2) NOT NULL,
  `daily_change` decimal(15,2) DEFAULT '0.00',
  `daily_change_percent` decimal(5,2) DEFAULT '0.00',
  `created_at` timestamp NULL DEFAULT CURRENT_TIMESTAMP,
  PRIMARY KEY (`id`),
  UNIQUE KEY `unique_portfolio_date` (`portfolio_id`,`date`),
  KEY `idx_portfolio_date` (`portfolio_id`,`date`),
  CONSTRAINT `portfolio_performance_ibfk_1` FOREIGN KEY (`portfolio_id`) REFERENCES `portfolios` (`id`) ON DELETE CASCADE
) ENGINE=InnoDB AUTO_INCREMENT=181 DEFAULT CHARSET=utf8mb4 COLLATE=utf8mb4_0900_ai_ci;

-- Data for table portfolio_performance
INSERT INTO `portfolio_performance` VALUES
(1, 1, '2025-06-28 16:00:00', '49748.48', '61.43', '0.12', '2025-07-28 12:44:44'),
(2, 1, '2025-06-29 16:00:00', '51048.56', '-336.47', '-0.66', '2025-07-28 12:44:44'),
(3, 1, '2025-06-30 16:00:00', '50343.36', '452.61', '0.90', '2025-07-28 12:44:44'),
(4, 1, '2025-07-01 16:00:00', '51582.16', '420.42', '0.82', '2025-07-28 12:44:44'),
(5, 1, '2025-07-02 16:00:00', '49542.84', '208.43', '0.42', '2025-07-28 12:44:44'),
(6, 1, '2025-07-03 16:00:00', '52259.89', '-284.58', '-0.54', '2025-07-28 12:44:44'),
(7, 1, '2025-07-04 16:00:00', '51025.98', '277.67', '0.54', '2025-07-28 12:44:44'),
(8, 1, '2025-07-05 16:00:00', '49065.40', '365.12', '0.74', '2025-07-28 12:44:44'),
(9, 1, '2025-07-06 16:00:00', '48562.79', '206.12', '0.42', '2025-07-28 12:44:44'),
(10, 1, '2025-07-07 16:00:00', '50489.86', '-24.27', '-0.05', '2025-07-28 12:44:44'),
(11, 1, '2025-07-08 16:00:00', '48455.27', '-393.17', '-0.81', '2025-07-28 12:44:44'),
(12, 1, '2025-07-09 16:00:00', '48193.17', '41.08', '0.09', '2025-07-28 12:44:44'),
(13, 1, '2025-07-10 16:00:00', '51241.20', '-473.93', '-0.92', '2025-07-28 12:44:44'),
(14, 1, '2025-07-11 16:00:00', '47891.13', '327.63', '0.68', '2025-07-28 12:44:44'),
(15, 1, '2025-07-12 16:00:00', '52413.97', '-169.21', '-0.32', '2025-07-28 12:44:44'),
(16, 1, '2025-07-13 16:00:00', '49370.70', '-40.98', '-0.08', '2025-07-28 12:44:44'),
(17, 1, '2025-07-14 16:00:00', '52321.88', '4.26', '0.01', '2025-07-28 12:44:44'),
(18, 1, '2025-07-15 16:00:00', '51656.80', '11.10', '0.02', '2025-07-28 12:44:44'),
(19, 1, '2025-07-16 16:00:00', '51668.10', '-11.13', '-0.02', '2025-07-28 12:44:44'),
(20, 1, '2025-07-17 16:00:00', '49005.14', '310.09', '0.63', '2025-07-28 12:44:44'),
(21, 1, '2025-07-18 16:00:00', '50536.06', '223.52', '0.44', '2025-07-28 12:44:44'),
(22, 1, '2025-07-19 16:00:00', '48409.95', '386.56', '0.80', '2025-07-28 12:44:44'),
(23, 1, '2025-07-20 16:00:00', '52400.22', '-251.32', '-0.48', '2025-07-28 12:44:44'),
(24, 1, '2025-07-21 16:00:00', '49759.76', '311.10', '0.63', '2025-07-28 12:44:44'),
(25, 1, '2025-07-22 16:00:00', '52194.71', '227.26', '0.44', '2025-07-28 12:44:44'),
(26, 1, '2025-07-23 16:00:00', '50550.01', '412.99', '0.82', '2025-07-28 12:44:44'),
(27, 1, '2025-07-24 16:00:00', '47718.23', '-78.57', '-0.16', '2025-07-28 12:44:44'),
(28, 1, '2025-07-25 16:00:00', '52351.74', '199.37', '0.38', '2025-07-28 12:44:44'),
(29, 1, '2025-07-26 16:00:00', '51246.22', '372.54', '0.73', '2025-07-28 12:44:44'),
(30, 1, '2025-07-27 16:00:00', '47544.91', '-369.99', '-0.78', '2025-07-28 12:44:44'),
(151, 7, '2025-06-30 16:00:00', '60259.17', '0.00', '0.00', '2025-07-30 06:09:00'),
(152, 7, '2025-07-01 16:00:00', '59960.11', '0.00', '0.00', '2025-07-30 06:09:00'),
(153, 7, '2025-07-02 16:00:00', '61271.07', '0.00', '0.00', '2025-07-30 06:09:00'),
(154, 7, '2025-07-03 16:00:00', '59476.62', '0.00', '0.00', '2025-07-30 06:09:00'),
(155, 7, '2025-07-04 16:00:00', '60490.06', '0.00', '0.00', '2025-07-30 06:09:00'),
(156, 7, '2025-07-05 16:00:00', '60880.87', '0.00', '0.00', '2025-07-30 06:09:00'),
(157, 7, '2025-07-06 16:00:00', '59634.56', '0.00', '0.00', '2025-07-30 06:09:00'),
(158, 7, '2025-07-07 16:00:00', '60656.66', '0.00', '0.00', '2025-07-30 06:09:00'),
(159, 7, '2025-07-08 16:00:00', '59901.75', '0.00', '0.00', '2025-07-30 06:09:00'),
(160, 7, '2025-07-09 16:00:00', '60396.17', '0.00', '0.00', '2025-07-30 06:09:00'),
(161, 7, '2025-07-10 16:00:00', '59942.97', '0.00', '0.00', '2025-07-30 06:09:00'),
(162, 7, '2025-07-11 16:00:00', '60066.97', '0.00', '0.00', '2025-07-30 06:09:00'),
(163, 7, '2025-07-12 16:00:00', '60280.35', '0.00', '0.00', '2025-07-30 06:09:00'),
(164, 7, '2025-07-13 16:00:00', '60331.72', '0.00', '0.00', '2025-07-30 06:09:00'),
(165, 7, '2025-07-14 16:00:00', '60511.44', '0.00', '0.00', '2025-07-30 06:09:00'),
(166, 7, '2025-07-15 16:00:00', '59839.40', '0.00', '0.00', '2025-07-30 06:09:00'),
(167, 7, '2025-07-16 16:00:00', '60654.74', '0.00', '0.00', '2025-07-30 06:09:00'),
(168, 7, '2025-07-17 16:00:00', '60206.29', '0.00', '0.00', '2025-07-30 06:09:00'),
(169, 7, '2025-07-18 16:00:00', '60366.63', '0.00', '0.00', '2025-07-30 06:09:00'),
(170, 7, '2025-07-19 16:00:00', '60568.75', '0.00', '0.00', '2025-07-30 06:09:00'),
(171, 7, '2025-07-20 16:00:00', '60366.46', '0.00', '0.00', '2025-07-30 06:09:00'),
(172, 7, '2025-07-21 16:00:00', '60425.90', '0.00', '0.00', '2025-07-30 06:09:00'),
(173, 7, '2025-07-22 16:00:00', '60472.51', '0.00', '0.00', '2025-07-30 06:09:00'),
(174, 7, '2025-07-23 16:00:00', '60533.28', '0.00', '0.00', '2025-07-30 06:09:00'),
(175, 7, '2025-07-24 16:00:00', '60572.88', '0.00', '0.00', '2025-07-30 06:09:00'),
(176, 7, '2025-07-25 16:00:00', '60518.99', '0.00', '0.00', '2025-07-30 06:09:00'),
(177, 7, '2025-07-26 16:00:00', '60309.00', '0.00', '0.00', '2025-07-30 06:09:00'),
(178, 7, '2025-07-27 16:00:00', '60438.64', '0.00', '0.00', '2025-07-30 06:09:00'),
(179, 7, '2025-07-28 16:00:00', '60420.74', '0.00', '0.00', '2025-07-30 06:09:00'),
(180, 7, '2025-07-29 16:00:00', '60400.00', '0.00', '0.00', '2025-07-30 06:09:00');

-- Table structure for portfolios
DROP TABLE IF EXISTS `portfolios`;
CREATE TABLE `portfolios` (
  `id` int NOT NULL AUTO_INCREMENT,
  `name` varchar(255) NOT NULL,
  `description` text,
  `total_value` decimal(15,2) DEFAULT '0.00',
  `created_at` timestamp NULL DEFAULT CURRENT_TIMESTAMP,
  `updated_at` timestamp NULL DEFAULT CURRENT_TIMESTAMP ON UPDATE CURRENT_TIMESTAMP,
  PRIMARY KEY (`id`),
  KEY `idx_name` (`name`)
) ENGINE=InnoDB AUTO_INCREMENT=14 DEFAULT CHARSET=utf8mb4 COLLATE=utf8mb4_0900_ai_ci;

-- Data for table portfolios
INSERT INTO `portfolios` VALUES
(1, 'My Investment Portfolio', 'Diversified investment portfolio with stocks, bonds, and cash', '267306.23', '2025-07-28 12:44:44', '2025-07-29 03:34:29'),
(7, 'BR', 'BR investment', '60400.00', '2025-07-29 05:44:18', '2025-07-30 02:44:40');

-- Table structure for price_history
DROP TABLE IF EXISTS `price_history`;
CREATE TABLE `price_history` (
  `id` int NOT NULL AUTO_INCREMENT,
  `symbol` varchar(20) NOT NULL,
  `date` date NOT NULL,
  `price` decimal(15,2) NOT NULL,
  `created_at` timestamp NULL DEFAULT CURRENT_TIMESTAMP,
  PRIMARY KEY (`id`),
  UNIQUE KEY `unique_symbol_date` (`symbol`,`date`),
  KEY `idx_symbol_date` (`symbol`,`date`)
) ENGINE=InnoDB AUTO_INCREMENT=751 DEFAULT CHARSET=utf8mb4 COLLATE=utf8mb4_0900_ai_ci;

-- Data for table price_history
INSERT INTO `price_history` VALUES
(1, 'AAPL', '2025-06-28 16:00:00', '171.92', '2025-07-28 12:44:44'),
(2, 'GOOGL', '2025-06-28 16:00:00', '2924.81', '2025-07-28 12:44:44'),
(3, 'MSFT', '2025-06-28 16:00:00', '384.26', '2025-07-28 12:44:44'),
(4, 'TSLA', '2025-06-28 16:00:00', '243.14', '2025-07-28 12:44:44'),
(5, 'BND', '2025-06-28 16:00:00', '81.58', '2025-07-28 12:44:44'),
(6, 'AAPL', '2025-06-29 16:00:00', '178.47', '2025-07-28 12:44:44'),
(7, 'GOOGL', '2025-06-29 16:00:00', '2986.58', '2025-07-28 12:44:44'),
(8, 'MSFT', '2025-06-29 16:00:00', '387.53', '2025-07-28 12:44:44'),
(9, 'TSLA', '2025-06-29 16:00:00', '243.98', '2025-07-28 12:44:44'),
(10, 'BND', '2025-06-29 16:00:00', '81.90', '2025-07-28 12:44:44'),
(11, 'AAPL', '2025-06-30 16:00:00', '173.49', '2025-07-28 12:44:44'),
(12, 'GOOGL', '2025-06-30 16:00:00', '2927.39', '2025-07-28 12:44:44'),
(13, 'MSFT', '2025-06-30 16:00:00', '383.85', '2025-07-28 12:44:44'),
(14, 'TSLA', '2025-06-30 16:00:00', '247.76', '2025-07-28 12:44:44'),
(15, 'BND', '2025-06-30 16:00:00', '82.98', '2025-07-28 12:44:44'),
(16, 'AAPL', '2025-07-01 16:00:00', '174.93', '2025-07-28 12:44:44'),
(17, 'GOOGL', '2025-07-01 16:00:00', '2956.69', '2025-07-28 12:44:44'),
(18, 'MSFT', '2025-07-01 16:00:00', '370.60', '2025-07-28 12:44:44'),
(19, 'TSLA', '2025-07-01 16:00:00', '252.00', '2025-07-28 12:44:44'),
(20, 'BND', '2025-07-01 16:00:00', '81.95', '2025-07-28 12:44:44'),
(21, 'AAPL', '2025-07-02 16:00:00', '178.49', '2025-07-28 12:44:44'),
(22, 'GOOGL', '2025-07-02 16:00:00', '2941.39', '2025-07-28 12:44:44'),
(23, 'MSFT', '2025-07-02 16:00:00', '389.72', '2025-07-28 12:44:44'),
(24, 'TSLA', '2025-07-02 16:00:00', '240.62', '2025-07-28 12:44:44'),
(25, 'BND', '2025-07-02 16:00:00', '82.77', '2025-07-28 12:44:44'),
(26, 'AAPL', '2025-07-03 16:00:00', '175.94', '2025-07-28 12:44:44'),
(27, 'GOOGL', '2025-07-03 16:00:00', '2977.16', '2025-07-28 12:44:44'),
(28, 'MSFT', '2025-07-03 16:00:00', '377.04', '2025-07-28 12:44:44'),
(29, 'TSLA', '2025-07-03 16:00:00', '251.85', '2025-07-28 12:44:44'),
(30, 'BND', '2025-07-03 16:00:00', '81.97', '2025-07-28 12:44:44'),
(31, 'AAPL', '2025-07-04 16:00:00', '177.90', '2025-07-28 12:44:44'),
(32, 'GOOGL', '2025-07-04 16:00:00', '2984.06', '2025-07-28 12:44:44'),
(33, 'MSFT', '2025-07-04 16:00:00', '371.49', '2025-07-28 12:44:44'),
(34, 'TSLA', '2025-07-04 16:00:00', '241.92', '2025-07-28 12:44:44'),
(35, 'BND', '2025-07-04 16:00:00', '81.62', '2025-07-28 12:44:44'),
(36, 'AAPL', '2025-07-05 16:00:00', '173.81', '2025-07-28 12:44:44'),
(37, 'GOOGL', '2025-07-05 16:00:00', '2964.95', '2025-07-28 12:44:44'),
(38, 'MSFT', '2025-07-05 16:00:00', '381.49', '2025-07-28 12:44:44'),
(39, 'TSLA', '2025-07-05 16:00:00', '250.50', '2025-07-28 12:44:44'),
(40, 'BND', '2025-07-05 16:00:00', '81.63', '2025-07-28 12:44:44'),
(41, 'AAPL', '2025-07-06 16:00:00', '177.13', '2025-07-28 12:44:44'),
(42, 'GOOGL', '2025-07-06 16:00:00', '2940.94', '2025-07-28 12:44:44'),
(43, 'MSFT', '2025-07-06 16:00:00', '371.75', '2025-07-28 12:44:44'),
(44, 'TSLA', '2025-07-06 16:00:00', '242.29', '2025-07-28 12:44:44'),
(45, 'BND', '2025-07-06 16:00:00', '81.18', '2025-07-28 12:44:44'),
(46, 'AAPL', '2025-07-07 16:00:00', '179.18', '2025-07-28 12:44:44'),
(47, 'GOOGL', '2025-07-07 16:00:00', '2940.87', '2025-07-28 12:44:44'),
(48, 'MSFT', '2025-07-07 16:00:00', '378.14', '2025-07-28 12:44:44'),
(49, 'TSLA', '2025-07-07 16:00:00', '240.51', '2025-07-28 12:44:44'),
(50, 'BND', '2025-07-07 16:00:00', '81.78', '2025-07-28 12:44:44'),
(51, 'AAPL', '2025-07-08 16:00:00', '179.75', '2025-07-28 12:44:44'),
(52, 'GOOGL', '2025-07-08 16:00:00', '2921.29', '2025-07-28 12:44:44'),
(53, 'MSFT', '2025-07-08 16:00:00', '373.66', '2025-07-28 12:44:44'),
(54, 'TSLA', '2025-07-08 16:00:00', '240.28', '2025-07-28 12:44:44'),
(55, 'BND', '2025-07-08 16:00:00', '81.57', '2025-07-28 12:44:44'),
(56, 'AAPL', '2025-07-09 16:00:00', '171.41', '2025-07-28 12:44:44'),
(57, 'GOOGL', '2025-07-09 16:00:00', '2905.58', '2025-07-28 12:44:44'),
(58, 'MSFT', '2025-07-09 16:00:00', '387.34', '2025-07-28 12:44:44'),
(59, 'TSLA', '2025-07-09 16:00:00', '245.82', '2025-07-28 12:44:44'),
(60, 'BND', '2025-07-09 16:00:00', '82.85', '2025-07-28 12:44:44'),
(61, 'AAPL', '2025-07-10 16:00:00', '170.81', '2025-07-28 12:44:44'),
(62, 'GOOGL', '2025-07-10 16:00:00', '2965.28', '2025-07-28 12:44:44'),
(63, 'MSFT', '2025-07-10 16:00:00', '382.12', '2025-07-28 12:44:44'),
(64, 'TSLA', '2025-07-10 16:00:00', '241.76', '2025-07-28 12:44:44'),
(65, 'BND', '2025-07-10 16:00:00', '82.64', '2025-07-28 12:44:44'),
(66, 'AAPL', '2025-07-11 16:00:00', '175.27', '2025-07-28 12:44:44'),
(67, 'GOOGL', '2025-07-11 16:00:00', '2998.05', '2025-07-28 12:44:44'),
(68, 'MSFT', '2025-07-11 16:00:00', '379.93', '2025-07-28 12:44:44'),
(69, 'TSLA', '2025-07-11 16:00:00', '249.47', '2025-07-28 12:44:44'),
(70, 'BND', '2025-07-11 16:00:00', '82.68', '2025-07-28 12:44:44'),
(71, 'AAPL', '2025-07-12 16:00:00', '175.75', '2025-07-28 12:44:44'),
(72, 'GOOGL', '2025-07-12 16:00:00', '2987.99', '2025-07-28 12:44:44'),
(73, 'MSFT', '2025-07-12 16:00:00', '382.39', '2025-07-28 12:44:44'),
(74, 'TSLA', '2025-07-12 16:00:00', '238.68', '2025-07-28 12:44:44'),
(75, 'BND', '2025-07-12 16:00:00', '82.97', '2025-07-28 12:44:44'),
(76, 'AAPL', '2025-07-13 16:00:00', '178.17', '2025-07-28 12:44:44'),
(77, 'GOOGL', '2025-07-13 16:00:00', '2962.80', '2025-07-28 12:44:44'),
(78, 'MSFT', '2025-07-13 16:00:00', '388.66', '2025-07-28 12:44:44'),
(79, 'TSLA', '2025-07-13 16:00:00', '244.40', '2025-07-28 12:44:44'),
(80, 'BND', '2025-07-13 16:00:00', '82.79', '2025-07-28 12:44:44'),
(81, 'AAPL', '2025-07-14 16:00:00', '176.55', '2025-07-28 12:44:44'),
(82, 'GOOGL', '2025-07-14 16:00:00', '2952.97', '2025-07-28 12:44:44'),
(83, 'MSFT', '2025-07-14 16:00:00', '372.51', '2025-07-28 12:44:44'),
(84, 'TSLA', '2025-07-14 16:00:00', '240.03', '2025-07-28 12:44:44'),
(85, 'BND', '2025-07-14 16:00:00', '82.36', '2025-07-28 12:44:44'),
(86, 'AAPL', '2025-07-15 16:00:00', '179.21', '2025-07-28 12:44:44'),
(87, 'GOOGL', '2025-07-15 16:00:00', '2933.92', '2025-07-28 12:44:44'),
(88, 'MSFT', '2025-07-15 16:00:00', '373.66', '2025-07-28 12:44:44'),
(89, 'TSLA', '2025-07-15 16:00:00', '242.36', '2025-07-28 12:44:44'),
(90, 'BND', '2025-07-15 16:00:00', '82.46', '2025-07-28 12:44:44'),
(91, 'AAPL', '2025-07-16 16:00:00', '171.41', '2025-07-28 12:44:44'),
(92, 'GOOGL', '2025-07-16 16:00:00', '2919.71', '2025-07-28 12:44:44'),
(93, 'MSFT', '2025-07-16 16:00:00', '388.37', '2025-07-28 12:44:44'),
(94, 'TSLA', '2025-07-16 16:00:00', '240.59', '2025-07-28 12:44:44'),
(95, 'BND', '2025-07-16 16:00:00', '82.92', '2025-07-28 12:44:44'),
(96, 'AAPL', '2025-07-17 16:00:00', '175.78', '2025-07-28 12:44:44'),
(97, 'GOOGL', '2025-07-17 16:00:00', '2951.73', '2025-07-28 12:44:44'),
(98, 'MSFT', '2025-07-17 16:00:00', '380.64', '2025-07-28 12:44:44'),
(99, 'TSLA', '2025-07-17 16:00:00', '249.15', '2025-07-28 12:44:44'),
(100, 'BND', '2025-07-17 16:00:00', '82.15', '2025-07-28 12:44:44'),
(101, 'AAPL', '2025-07-18 16:00:00', '176.21', '2025-07-28 12:44:44'),
(102, 'GOOGL', '2025-07-18 16:00:00', '2929.61', '2025-07-28 12:44:44'),
(103, 'MSFT', '2025-07-18 16:00:00', '389.46', '2025-07-28 12:44:44'),
(104, 'TSLA', '2025-07-18 16:00:00', '243.00', '2025-07-28 12:44:44'),
(105, 'BND', '2025-07-18 16:00:00', '82.57', '2025-07-28 12:44:44'),
(106, 'AAPL', '2025-07-19 16:00:00', '171.01', '2025-07-28 12:44:44'),
(107, 'GOOGL', '2025-07-19 16:00:00', '2945.63', '2025-07-28 12:44:44'),
(108, 'MSFT', '2025-07-19 16:00:00', '380.90', '2025-07-28 12:44:44'),
(109, 'TSLA', '2025-07-19 16:00:00', '251.01', '2025-07-28 12:44:44'),
(110, 'BND', '2025-07-19 16:00:00', '82.50', '2025-07-28 12:44:44'),
(111, 'AAPL', '2025-07-20 16:00:00', '175.08', '2025-07-28 12:44:44'),
(112, 'GOOGL', '2025-07-20 16:00:00', '2913.04', '2025-07-28 12:44:44'),
(113, 'MSFT', '2025-07-20 16:00:00', '389.45', '2025-07-28 12:44:44'),
(114, 'TSLA', '2025-07-20 16:00:00', '249.90', '2025-07-28 12:44:44'),
(115, 'BND', '2025-07-20 16:00:00', '81.26', '2025-07-28 12:44:44'),
(116, 'AAPL', '2025-07-21 16:00:00', '172.34', '2025-07-28 12:44:44'),
(117, 'GOOGL', '2025-07-21 16:00:00', '2941.30', '2025-07-28 12:44:44'),
(118, 'MSFT', '2025-07-21 16:00:00', '370.65', '2025-07-28 12:44:44'),
(119, 'TSLA', '2025-07-21 16:00:00', '241.20', '2025-07-28 12:44:44'),
(120, 'BND', '2025-07-21 16:00:00', '82.36', '2025-07-28 12:44:44'),
(121, 'AAPL', '2025-07-22 16:00:00', '179.91', '2025-07-28 12:44:44'),
(122, 'GOOGL', '2025-07-22 16:00:00', '2928.43', '2025-07-28 12:44:44'),
(123, 'MSFT', '2025-07-22 16:00:00', '373.06', '2025-07-28 12:44:44'),
(124, 'TSLA', '2025-07-22 16:00:00', '252.81', '2025-07-28 12:44:44'),
(125, 'BND', '2025-07-22 16:00:00', '82.49', '2025-07-28 12:44:44'),
(126, 'AAPL', '2025-07-23 16:00:00', '175.45', '2025-07-28 12:44:44'),
(127, 'GOOGL', '2025-07-23 16:00:00', '2957.23', '2025-07-28 12:44:44'),
(128, 'MSFT', '2025-07-23 16:00:00', '372.18', '2025-07-28 12:44:44'),
(129, 'TSLA', '2025-07-23 16:00:00', '246.94', '2025-07-28 12:44:44'),
(130, 'BND', '2025-07-23 16:00:00', '81.75', '2025-07-28 12:44:44'),
(131, 'AAPL', '2025-07-24 16:00:00', '175.29', '2025-07-28 12:44:44'),
(132, 'GOOGL', '2025-07-24 16:00:00', '2938.83', '2025-07-28 12:44:44'),
(133, 'MSFT', '2025-07-24 16:00:00', '379.51', '2025-07-28 12:44:44'),
(134, 'TSLA', '2025-07-24 16:00:00', '240.35', '2025-07-28 12:44:44'),
(135, 'BND', '2025-07-24 16:00:00', '82.91', '2025-07-28 12:44:44'),
(136, 'AAPL', '2025-07-25 16:00:00', '178.88', '2025-07-28 12:44:44'),
(137, 'GOOGL', '2025-07-25 16:00:00', '2935.83', '2025-07-28 12:44:44'),
(138, 'MSFT', '2025-07-25 16:00:00', '385.73', '2025-07-28 12:44:44'),
(139, 'TSLA', '2025-07-25 16:00:00', '251.82', '2025-07-28 12:44:44'),
(140, 'BND', '2025-07-25 16:00:00', '82.74', '2025-07-28 12:44:44'),
(141, 'AAPL', '2025-07-26 16:00:00', '177.21', '2025-07-28 12:44:44'),
(142, 'GOOGL', '2025-07-26 16:00:00', '2903.03', '2025-07-28 12:44:44'),
(143, 'MSFT', '2025-07-26 16:00:00', '382.18', '2025-07-28 12:44:44'),
(144, 'TSLA', '2025-07-26 16:00:00', '252.85', '2025-07-28 12:44:44'),
(145, 'BND', '2025-07-26 16:00:00', '82.31', '2025-07-28 12:44:44'),
(146, 'AAPL', '2025-07-27 16:00:00', '170.68', '2025-07-28 12:44:44'),
(147, 'GOOGL', '2025-07-27 16:00:00', '2986.88', '2025-07-28 12:44:44'),
(148, 'MSFT', '2025-07-27 16:00:00', '375.78', '2025-07-28 12:44:44'),
(149, 'TSLA', '2025-07-27 16:00:00', '240.33', '2025-07-28 12:44:44'),
(150, 'BND', '2025-07-27 16:00:00', '81.55', '2025-07-28 12:44:44'),
(296, 'AAPL', '2025-07-28 16:00:00', '174.18', '2025-07-29 02:50:08'),
(297, 'GOOGL', '2025-07-28 16:00:00', '2989.78', '2025-07-29 02:50:08'),
(298, 'MSFT', '2025-07-28 16:00:00', '383.80', '2025-07-29 02:50:08'),
(299, 'TSLA', '2025-07-28 16:00:00', '239.46', '2025-07-29 02:50:08'),
(300, 'BND', '2025-07-28 16:00:00', '81.49', '2025-07-29 02:50:08'),
(746, 'AAPL', '2025-07-29 16:00:00', '176.02', '2025-07-30 06:03:36'),
(747, 'GOOGL', '2025-07-29 16:00:00', '2995.57', '2025-07-30 06:03:36'),
(748, 'MSFT', '2025-07-29 16:00:00', '384.36', '2025-07-30 06:03:36'),
(749, 'TSLA', '2025-07-29 16:00:00', '246.87', '2025-07-30 06:03:36'),
(750, 'BND', '2025-07-29 16:00:00', '81.59', '2025-07-30 06:03:36');

-- Table structure for top_stocks
DROP TABLE IF EXISTS `top_stocks`;
CREATE TABLE `top_stocks` (
  `id` int NOT NULL AUTO_INCREMENT,
  `symbol` varchar(20) NOT NULL,
  `name` varchar(255) NOT NULL,
  `date` date NOT NULL,
  `open_price` decimal(15,4) DEFAULT NULL,
  `close_price` decimal(15,4) DEFAULT NULL,
  `high_price` decimal(15,4) DEFAULT NULL,
  `low_price` decimal(15,4) DEFAULT NULL,
  `volume` bigint DEFAULT NULL,
  `market_cap` decimal(20,2) DEFAULT NULL,
  `pe_ratio` decimal(10,2) DEFAULT NULL,
  `dividend_yield` decimal(5,4) DEFAULT NULL,
  `fifty_two_week_high` decimal(15,4) DEFAULT NULL,
  `fifty_two_week_low` decimal(15,4) DEFAULT NULL,
  `avg_volume` bigint DEFAULT NULL,
  `beta` decimal(8,4) DEFAULT NULL,
  `eps` decimal(10,4) DEFAULT NULL,
  `sector` varchar(100) DEFAULT NULL,
  `industry` varchar(100) DEFAULT NULL,
  `currency` varchar(3) DEFAULT 'USD',
  `exchange` varchar(50) DEFAULT NULL,
  `rank_position` tinyint NOT NULL,
  `created_at` timestamp NULL DEFAULT CURRENT_TIMESTAMP,
  `updated_at` timestamp NULL DEFAULT CURRENT_TIMESTAMP ON UPDATE CURRENT_TIMESTAMP,
  PRIMARY KEY (`id`),
  UNIQUE KEY `unique_symbol_date` (`symbol`,`date`),
  KEY `idx_date` (`date`),
  KEY `idx_symbol` (`symbol`),
  KEY `idx_rank` (`rank_position`),
  KEY `idx_sector` (`sector`)
) ENGINE=InnoDB AUTO_INCREMENT=301 DEFAULT CHARSET=utf8mb4 COLLATE=utf8mb4_0900_ai_ci;

-- Data for table top_stocks
INSERT INTO `top_stocks` VALUES
(1, 'AAPL', 'Apple', '2025-07-29 16:00:00', '214.1600', '211.2700', '214.8100', '210.8250', 48540908, '3155486572544.00', '32.91', '0.4900', '260.1000', '169.2100', 46339700, NULL, '6.4200', 'Technology', NULL, 'USD', 'NMS', 1, '2025-07-30 06:09:16', '2025-07-30 06:09:16'),
(2, 'MSFT', 'Microsoft', '2025-07-29 16:00:00', '515.6900', '512.5700', '517.6200', '511.5600', 16192670, '3809697071104.00', '39.67', '0.6500', '518.2900', '344.7900', 16418460, NULL, '12.9200', 'Technology', NULL, 'USD', 'NMS', 2, '2025-07-30 06:09:16', '2025-07-30 06:09:16'),
(3, 'GOOGL', 'Alphabet Inc.', '2025-07-29 16:00:00', '192.4300', '195.7500', '195.9200', '192.0800', 40618608, '2371100082176.00', '20.87', '0.4300', '207.0500', '140.5300', 44241360, NULL, '9.3800', 'Communication Services', NULL, 'USD', 'NMS', 3, '2025-07-30 06:09:16', '2025-07-30 06:09:16'),
(4, 'AMZN', 'Amazon.com', '2025-07-29 16:00:00', '234.1500', '231.0100', '234.7200', '230.3100', 33230427, '2452494483456.00', '37.62', NULL, '242.5200', '151.6100', 34690050, NULL, '6.1400', 'Consumer Discretionary', NULL, 'USD', 'NMS', 4, '2025-07-30 06:09:16', '2025-07-30 06:09:16'),
(5, 'NVDA', 'NVIDIA', '2025-07-29 16:00:00', '177.9600', '175.5100', '179.3800', '175.1700', 152870515, '4280267571200.00', '56.80', '0.0200', '179.3800', '86.6200', 148149300, NULL, '3.0900', 'Technology', NULL, 'USD', 'NMS', 5, '2025-07-30 06:09:16', '2025-07-30 06:09:16'),
(6, 'TSLA', 'Tesla', '2025-07-29 16:00:00', '325.6525', '321.2000', '326.2500', '318.2500', 86989434, '1036014583808.00', '192.34', NULL, '488.5400', '182.0000', 101615880, NULL, '1.6700', 'Consumer Discretionary', NULL, 'USD', 'NMS', 6, '2025-07-30 06:09:16', '2025-07-30 06:09:16'),
(7, 'META', 'Meta Platforms', '2025-07-29 16:00:00', '720.0250', '700.0000', '724.3300', '699.9100', 13182292, '1760031014912.00', '27.40', '0.2900', '747.9000', '450.8000', 10588330, NULL, '25.5500', 'Communication Services', NULL, 'USD', 'NMS', 7, '2025-07-30 06:09:16', '2025-07-30 06:09:16'),
(8, 'BRK-B', 'Berkshire Hathaway Inc. New', '2025-07-29 16:00:00', '482.5700', '476.5600', '485.0000', '476.2800', 4181556, '1027911319552.00', '12.70', NULL, '542.0700', '406.1100', 4162950, NULL, '37.5200', 'Financial Services', NULL, 'USD', 'NYQ', 8, '2025-07-30 06:09:16', '2025-07-30 06:09:16'),
(9, 'UNH', 'UnitedHealth Group Incorporated', '2025-07-29 16:00:00', '265.7000', '261.0700', '272.7400', '260.5500', 39258923, '236827033600.00', '11.30', '3.1300', '630.7300', '248.8800', 17395190, NULL, '23.1000', 'Healthcare', NULL, 'USD', 'NYQ', 9, '2025-07-30 06:09:16', '2025-07-30 06:09:16'),
(10, 'JNJ', 'Johnson & Johnson', '2025-07-29 16:00:00', '166.6700', '168.1100', '168.7817', '166.3700', 7662155, '404866039808.00', '17.98', '3.1300', '169.9900', '140.6800', 9995150, NULL, '9.3500', 'Healthcare', NULL, 'USD', 'NYQ', 10, '2025-07-30 06:09:16', '2025-07-30 06:09:16'),
(11, 'AAPL', 'Apple', '2025-07-28 16:00:00', '212.3900', '213.3800', '210.2900', '211.5400', 36410245, '3155486572544.00', '32.91', '0.4900', '260.1000', '169.2100', 46339700, NULL, '6.4200', 'Technology', NULL, 'USD', 'NMS', 1, '2025-07-30 06:09:16', '2025-07-30 06:09:16'),
(12, 'MSFT', 'Microsoft', '2025-07-28 16:00:00', '505.2500', '505.4400', '507.0200', '511.0300', 12832552, '3809697071104.00', '39.67', '0.6500', '518.2900', '344.7900', 16418460, NULL, '12.9200', 'Technology', NULL, 'USD', 'NMS', 2, '2025-07-30 06:09:16', '2025-07-30 06:09:16'),
(13, 'GOOGL', 'Alphabet Inc.', '2025-07-28 16:00:00', '198.7200', '191.2600', '194.9700', '195.9700', 44056875, '2371100082176.00', '20.87', '0.4300', '207.0500', '140.5300', 44241360, NULL, '9.3800', 'Communication Services', NULL, 'USD', 'NMS', 3, '2025-07-30 06:09:16', '2025-07-30 06:09:16'),
(14, 'AMZN', 'Amazon.com', '2025-07-28 16:00:00', '233.2900', '224.2300', '232.4800', '232.7800', 40179524, '2452494483456.00', '37.62', NULL, '242.5200', '151.6100', 34690050, NULL, '6.1400', 'Consumer Discretionary', NULL, 'USD', 'NMS', 4, '2025-07-30 06:09:16', '2025-07-30 06:09:16'),
(15, 'NVDA', 'NVIDIA', '2025-07-28 16:00:00', '175.6900', '175.4800', '174.1700', '174.7400', 138569349, '4280267571200.00', '56.80', '0.0200', '179.3800', '86.6200', 148149300, NULL, '3.0900', 'Technology', NULL, 'USD', 'NMS', 5, '2025-07-30 06:09:16', '2025-07-30 06:09:16'),
(16, 'TSLA', 'Tesla', '2025-07-28 16:00:00', '332.6200', '311.2300', '318.7700', '320.7500', 70018745, '1036014583808.00', '192.34', NULL, '488.5400', '182.0000', 101615880, NULL, '1.6700', 'Consumer Discretionary', NULL, 'USD', 'NMS', 6, '2025-07-30 06:09:16', '2025-07-30 06:09:16'),
(17, 'META', 'Meta Platforms', '2025-07-28 16:00:00', '703.4500', '707.8900', '725.0200', '699.5300', 12849975, '1760031014912.00', '27.40', '0.2900', '747.9000', '450.8000', 10588330, NULL, '25.5500', 'Communication Services', NULL, 'USD', 'NMS', 7, '2025-07-30 06:09:16', '2025-07-30 06:09:16'),
(18, 'BRK-B', 'Berkshire Hathaway Inc. New', '2025-07-28 16:00:00', '479.0200', '478.7700', '492.9600', '476.2700', 4240106, '1027911319552.00', '12.70', NULL, '542.0700', '406.1100', 4162950, NULL, '37.5200', 'Financial Services', NULL, 'USD', 'NYQ', 8, '2025-07-30 06:09:16', '2025-07-30 06:09:16'),
(19, 'UNH', 'UnitedHealth Group Incorporated', '2025-07-28 16:00:00', '260.7400', '262.6300', '265.6400', '260.1100', 41053813, '236827033600.00', '11.30', '3.1300', '630.7300', '248.8800', 17395190, NULL, '23.1000', 'Healthcare', NULL, 'USD', 'NYQ', 9, '2025-07-30 06:09:16', '2025-07-30 06:09:16'),
(20, 'JNJ', 'Johnson & Johnson', '2025-07-28 16:00:00', '170.6000', '167.9900', '167.2300', '163.3500', 9479730, '404866039808.00', '17.98', '3.1300', '169.9900', '140.6800', 9995150, NULL, '9.3500', 'Healthcare', NULL, 'USD', 'NYQ', 10, '2025-07-30 06:09:16', '2025-07-30 06:09:16'),
(21, 'AAPL', 'Apple', '2025-07-27 16:00:00', '211.9900', '210.9600', '208.6700', '209.7800', 56317820, '3155486572544.00', '32.91', '0.4900', '260.1000', '169.2100', 46339700, NULL, '6.4200', 'Technology', NULL, 'USD', 'NMS', 1, '2025-07-30 06:09:16', '2025-07-30 06:09:16'),
(22, 'MSFT', 'Microsoft', '2025-07-27 16:00:00', '513.3000', '509.6400', '509.7300', '520.9700', 17105131, '3809697071104.00', '39.67', '0.6500', '518.2900', '344.7900', 16418460, NULL, '12.9200', 'Technology', NULL, 'USD', 'NMS', 2, '2025-07-30 06:09:16', '2025-07-30 06:09:16'),
(23, 'GOOGL', 'Alphabet Inc.', '2025-07-27 16:00:00', '196.9600', '196.4100', '193.2500', '194.2100', 31477343, '2371100082176.00', '20.87', '0.4300', '207.0500', '140.5300', 44241360, NULL, '9.3800', 'Communication Services', NULL, 'USD', 'NMS', 3, '2025-07-30 06:09:16', '2025-07-30 06:09:16'),
(24, 'AMZN', 'Amazon.com', '2025-07-27 16:00:00', '229.0100', '236.7300', '233.0900', '230.7800', 34382199, '2452494483456.00', '37.62', NULL, '242.5200', '151.6100', 34690050, NULL, '6.1400', 'Consumer Discretionary', NULL, 'USD', 'NMS', 4, '2025-07-30 06:09:16', '2025-07-30 06:09:16'),
(25, 'NVDA', 'NVIDIA', '2025-07-27 16:00:00', '173.7800', '179.0000', '180.7200', '177.4700', 185953985, '4280267571200.00', '56.80', '0.0200', '179.3800', '86.6200', 148149300, NULL, '3.0900', 'Technology', NULL, 'USD', 'NMS', 5, '2025-07-30 06:09:16', '2025-07-30 06:09:16'),
(26, 'TSLA', 'Tesla', '2025-07-27 16:00:00', '321.5000', '324.6300', '310.6300', '321.5900', 76653683, '1036014583808.00', '192.34', NULL, '488.5400', '182.0000', 101615880, NULL, '1.6700', 'Consumer Discretionary', NULL, 'USD', 'NMS', 6, '2025-07-30 06:09:16', '2025-07-30 06:09:16'),
(27, 'META', 'Meta Platforms', '2025-07-27 16:00:00', '699.3600', '697.5400', '696.3900', '697.6300', 16184030, '1760031014912.00', '27.40', '0.2900', '747.9000', '450.8000', 10588330, NULL, '25.5500', 'Communication Services', NULL, 'USD', 'NMS', 7, '2025-07-30 06:09:16', '2025-07-30 06:09:16'),
(28, 'BRK-B', 'Berkshire Hathaway Inc. New', '2025-07-27 16:00:00', '475.9100', '478.3500', '480.5900', '475.0000', 3311621, '1027911319552.00', '12.70', NULL, '542.0700', '406.1100', 4162950, NULL, '37.5200', 'Financial Services', NULL, 'USD', 'NYQ', 8, '2025-07-30 06:09:16', '2025-07-30 06:09:16'),
(29, 'UNH', 'UnitedHealth Group Incorporated', '2025-07-27 16:00:00', '268.5400', '262.5800', '261.3400', '265.4200', 32878359, '236827033600.00', '11.30', '3.1300', '630.7300', '248.8800', 17395190, NULL, '23.1000', 'Healthcare', NULL, 'USD', 'NYQ', 9, '2025-07-30 06:09:16', '2025-07-30 06:09:16'),
(30, 'JNJ', 'Johnson & Johnson', '2025-07-27 16:00:00', '168.1500', '167.8500', '167.4000', '167.8200', 6301077, '404866039808.00', '17.98', '3.1300', '169.9900', '140.6800', 9995150, NULL, '9.3500', 'Healthcare', NULL, 'USD', 'NYQ', 10, '2025-07-30 06:09:16', '2025-07-30 06:09:16'),
(31, 'AAPL', 'Apple', '2025-07-24 16:00:00', '212.2600', '211.6900', '211.7900', '207.7800', 50139332, '3155486572544.00', '32.91', '0.4900', '260.1000', '169.2100', 46339700, NULL, '6.4200', 'Technology', NULL, 'USD', 'NMS', 1, '2025-07-30 06:09:16', '2025-07-30 06:09:16'),
(32, 'MSFT', 'Microsoft', '2025-07-24 16:00:00', '507.3200', '513.8800', '516.8000', '524.4800', 16188894, '3809697071104.00', '39.67', '0.6500', '518.2900', '344.7900', 16418460, NULL, '12.9200', 'Technology', NULL, 'USD', 'NMS', 2, '2025-07-30 06:09:16', '2025-07-30 06:09:16'),
(33, 'GOOGL', 'Alphabet Inc.', '2025-07-24 16:00:00', '192.3400', '190.8800', '196.3600', '199.8700', 34884849, '2371100082176.00', '20.87', '0.4300', '207.0500', '140.5300', 44241360, NULL, '9.3800', 'Communication Services', NULL, 'USD', 'NMS', 3, '2025-07-30 06:09:16', '2025-07-30 06:09:16'),
(34, 'AMZN', 'Amazon.com', '2025-07-24 16:00:00', '228.2900', '233.7300', '231.2000', '231.2100', 40998222, '2452494483456.00', '37.62', NULL, '242.5200', '151.6100', 34690050, NULL, '6.1400', 'Consumer Discretionary', NULL, 'USD', 'NMS', 4, '2025-07-30 06:09:16', '2025-07-30 06:09:16'),
(35, 'NVDA', 'NVIDIA', '2025-07-24 16:00:00', '178.4400', '181.2500', '169.1500', '177.0800', 187472356, '4280267571200.00', '56.80', '0.0200', '179.3800', '86.6200', 148149300, NULL, '3.0900', 'Technology', NULL, 'USD', 'NMS', 5, '2025-07-30 06:09:16', '2025-07-30 06:09:16'),
(36, 'TSLA', 'Tesla', '2025-07-24 16:00:00', '324.0300', '329.1000', '321.1800', '316.7800', 71356840, '1036014583808.00', '192.34', NULL, '488.5400', '182.0000', 101615880, NULL, '1.6700', 'Consumer Discretionary', NULL, 'USD', 'NMS', 6, '2025-07-30 06:09:16', '2025-07-30 06:09:16'),
(37, 'META', 'Meta Platforms', '2025-07-24 16:00:00', '686.6100', '699.7200', '697.0000', '704.7500', 14043172, '1760031014912.00', '27.40', '0.2900', '747.9000', '450.8000', 10588330, NULL, '25.5500', 'Communication Services', NULL, 'USD', 'NMS', 7, '2025-07-30 06:09:16', '2025-07-30 06:09:16'),
(38, 'BRK-B', 'Berkshire Hathaway Inc. New', '2025-07-24 16:00:00', '468.9100', '476.7300', '477.5500', '469.3300', 3571419, '1027911319552.00', '12.70', NULL, '542.0700', '406.1100', 4162950, NULL, '37.5200', 'Financial Services', NULL, 'USD', 'NYQ', 8, '2025-07-30 06:09:16', '2025-07-30 06:09:16'),
(39, 'UNH', 'UnitedHealth Group Incorporated', '2025-07-24 16:00:00', '260.5500', '258.3200', '261.3500', '260.5900', 30705817, '236827033600.00', '11.30', '3.1300', '630.7300', '248.8800', 17395190, NULL, '23.1000', 'Healthcare', NULL, 'USD', 'NYQ', 9, '2025-07-30 06:09:16', '2025-07-30 06:09:16'),
(40, 'JNJ', 'Johnson & Johnson', '2025-07-24 16:00:00', '165.5100', '170.8900', '167.9600', '173.6700', 5963233, '404866039808.00', '17.98', '3.1300', '169.9900', '140.6800', 9995150, NULL, '9.3500', 'Healthcare', NULL, 'USD', 'NYQ', 10, '2025-07-30 06:09:16', '2025-07-30 06:09:16'),
(41, 'AAPL', 'Apple', '2025-07-23 16:00:00', '213.2900', '211.4300', '214.4900', '214.8600', 47365885, '3155486572544.00', '32.91', '0.4900', '260.1000', '169.2100', 46339700, NULL, '6.4200', 'Technology', NULL, 'USD', 'NMS', 1, '2025-07-30 06:09:16', '2025-07-30 06:09:16'),
(42, 'MSFT', 'Microsoft', '2025-07-23 16:00:00', '522.1000', '514.2100', '494.0100', '518.6100', 12418869, '3809697071104.00', '39.67', '0.6500', '518.2900', '344.7900', 16418460, NULL, '12.9200', 'Technology', NULL, 'USD', 'NMS', 2, '2025-07-30 06:09:16', '2025-07-30 06:09:16'),
(43, 'GOOGL', 'Alphabet Inc.', '2025-07-23 16:00:00', '193.6200', '191.8600', '197.2300', '194.4500', 45110481, '2371100082176.00', '20.87', '0.4300', '207.0500', '140.5300', 44241360, NULL, '9.3800', 'Communication Services', NULL, 'USD', 'NMS', 3, '2025-07-30 06:09:16', '2025-07-30 06:09:16'),
(44, 'AMZN', 'Amazon.com', '2025-07-23 16:00:00', '230.3900', '229.7300', '233.1900', '230.5200', 32674604, '2452494483456.00', '37.62', NULL, '242.5200', '151.6100', 34690050, NULL, '6.1400', 'Consumer Discretionary', NULL, 'USD', 'NMS', 4, '2025-07-30 06:09:16', '2025-07-30 06:09:16'),
(45, 'NVDA', 'NVIDIA', '2025-07-23 16:00:00', '175.1700', '177.0900', '174.2500', '170.9700', 119904368, '4280267571200.00', '56.80', '0.0200', '179.3800', '86.6200', 148149300, NULL, '3.0900', 'Technology', NULL, 'USD', 'NMS', 5, '2025-07-30 06:09:16', '2025-07-30 06:09:16'),
(46, 'TSLA', 'Tesla', '2025-07-23 16:00:00', '316.3700', '321.8800', '321.4400', '321.2300', 75940154, '1036014583808.00', '192.34', NULL, '488.5400', '182.0000', 101615880, NULL, '1.6700', 'Consumer Discretionary', NULL, 'USD', 'NMS', 6, '2025-07-30 06:09:16', '2025-07-30 06:09:16'),
(47, 'META', 'Meta Platforms', '2025-07-23 16:00:00', '735.7500', '710.8700', '700.8500', '687.4900', 11324841, '1760031014912.00', '27.40', '0.2900', '747.9000', '450.8000', 10588330, NULL, '25.5500', 'Communication Services', NULL, 'USD', 'NMS', 7, '2025-07-30 06:09:16', '2025-07-30 06:09:16'),
(48, 'BRK-B', 'Berkshire Hathaway Inc. New', '2025-07-23 16:00:00', '473.6500', '478.9600', '473.0200', '473.7300', 4652290, '1027911319552.00', '12.70', NULL, '542.0700', '406.1100', 4162950, NULL, '37.5200', 'Financial Services', NULL, 'USD', 'NYQ', 8, '2025-07-30 06:09:16', '2025-07-30 06:09:16'),
(49, 'UNH', 'UnitedHealth Group Incorporated', '2025-07-23 16:00:00', '261.0800', '261.5400', '262.7200', '259.0500', 47032298, '236827033600.00', '11.30', '3.1300', '630.7300', '248.8800', 17395190, NULL, '23.1000', 'Healthcare', NULL, 'USD', 'NYQ', 9, '2025-07-30 06:09:16', '2025-07-30 06:09:16'),
(50, 'JNJ', 'Johnson & Johnson', '2025-07-23 16:00:00', '168.2400', '168.5900', '164.6800', '167.0300', 8368106, '404866039808.00', '17.98', '3.1300', '169.9900', '140.6800', 9995150, NULL, '9.3500', 'Healthcare', NULL, 'USD', 'NYQ', 10, '2025-07-30 06:09:16', '2025-07-30 06:09:16'),
(51, 'AAPL', 'Apple', '2025-07-22 16:00:00', '216.4700', '211.8400', '211.1800', '204.6600', 41855495, '3155486572544.00', '32.91', '0.4900', '260.1000', '169.2100', 46339700, NULL, '6.4200', 'Technology', NULL, 'USD', 'NMS', 1, '2025-07-30 06:09:16', '2025-07-30 06:09:16'),
(52, 'MSFT', 'Microsoft', '2025-07-22 16:00:00', '518.9600', '505.5700', '515.0800', '526.9300', 14247162, '3809697071104.00', '39.67', '0.6500', '518.2900', '344.7900', 16418460, NULL, '12.9200', 'Technology', NULL, 'USD', 'NMS', 2, '2025-07-30 06:09:16', '2025-07-30 06:09:16'),
(53, 'GOOGL', 'Alphabet Inc.', '2025-07-22 16:00:00', '195.5600', '196.1500', '198.2800', '194.2100', 41516377, '2371100082176.00', '20.87', '0.4300', '207.0500', '140.5300', 44241360, NULL, '9.3800', 'Communication Services', NULL, 'USD', 'NMS', 3, '2025-07-30 06:09:16', '2025-07-30 06:09:16'),
(54, 'AMZN', 'Amazon.com', '2025-07-22 16:00:00', '233.8700', '238.6200', '229.8600', '242.5800', 36091953, '2452494483456.00', '37.62', NULL, '242.5200', '151.6100', 34690050, NULL, '6.1400', 'Consumer Discretionary', NULL, 'USD', 'NMS', 4, '2025-07-30 06:09:16', '2025-07-30 06:09:16'),
(55, 'NVDA', 'NVIDIA', '2025-07-22 16:00:00', '175.0900', '173.7500', '173.7000', '175.6500', 169688388, '4280267571200.00', '56.80', '0.0200', '179.3800', '86.6200', 148149300, NULL, '3.0900', 'Technology', NULL, 'USD', 'NMS', 5, '2025-07-30 06:09:16', '2025-07-30 06:09:16'),
(56, 'TSLA', 'Tesla', '2025-07-22 16:00:00', '319.8400', '319.7300', '316.5100', '321.4100', 92204539, '1036014583808.00', '192.34', NULL, '488.5400', '182.0000', 101615880, NULL, '1.6700', 'Consumer Discretionary', NULL, 'USD', 'NMS', 6, '2025-07-30 06:09:16', '2025-07-30 06:09:16'),
(57, 'META', 'Meta Platforms', '2025-07-22 16:00:00', '700.0800', '701.4800', '702.9500', '694.8200', 15529839, '1760031014912.00', '27.40', '0.2900', '747.9000', '450.8000', 10588330, NULL, '25.5500', 'Communication Services', NULL, 'USD', 'NMS', 7, '2025-07-30 06:09:16', '2025-07-30 06:09:16'),
(58, 'BRK-B', 'Berkshire Hathaway Inc. New', '2025-07-22 16:00:00', '471.5600', '476.2800', '477.6900', '485.5600', 3301813, '1027911319552.00', '12.70', NULL, '542.0700', '406.1100', 4162950, NULL, '37.5200', 'Financial Services', NULL, 'USD', 'NYQ', 8, '2025-07-30 06:09:16', '2025-07-30 06:09:16'),
(59, 'UNH', 'UnitedHealth Group Incorporated', '2025-07-22 16:00:00', '259.5800', '262.0900', '251.4700', '260.4100', 42151563, '236827033600.00', '11.30', '3.1300', '630.7300', '248.8800', 17395190, NULL, '23.1000', 'Healthcare', NULL, 'USD', 'NYQ', 9, '2025-07-30 06:09:16', '2025-07-30 06:09:16'),
(60, 'JNJ', 'Johnson & Johnson', '2025-07-22 16:00:00', '163.0300', '165.1500', '167.4400', '171.0700', 7995481, '404866039808.00', '17.98', '3.1300', '169.9900', '140.6800', 9995150, NULL, '9.3500', 'Healthcare', NULL, 'USD', 'NYQ', 10, '2025-07-30 06:09:16', '2025-07-30 06:09:16'),
(61, 'AAPL', 'Apple', '2025-07-21 16:00:00', '212.0200', '210.2700', '215.2000', '211.8400', 52657433, '3155486572544.00', '32.91', '0.4900', '260.1000', '169.2100', 46339700, NULL, '6.4200', 'Technology', NULL, 'USD', 'NMS', 1, '2025-07-30 06:09:16', '2025-07-30 06:09:16'),
(62, 'MSFT', 'Microsoft', '2025-07-21 16:00:00', '515.2700', '513.2200', '520.3700', '514.4200', 14001213, '3809697071104.00', '39.67', '0.6500', '518.2900', '344.7900', 16418460, NULL, '12.9200', 'Technology', NULL, 'USD', 'NMS', 2, '2025-07-30 06:09:16', '2025-07-30 06:09:16'),
(63, 'GOOGL', 'Alphabet Inc.', '2025-07-21 16:00:00', '195.7100', '194.8900', '193.2600', '194.4400', 39990201, '2371100082176.00', '20.87', '0.4300', '207.0500', '140.5300', 44241360, NULL, '9.3800', 'Communication Services', NULL, 'USD', 'NMS', 3, '2025-07-30 06:09:16', '2025-07-30 06:09:16'),
(64, 'AMZN', 'Amazon.com', '2025-07-21 16:00:00', '221.2800', '234.1200', '228.0100', '228.3200', 29239854, '2452494483456.00', '37.62', NULL, '242.5200', '151.6100', 34690050, NULL, '6.1400', 'Consumer Discretionary', NULL, 'USD', 'NMS', 4, '2025-07-30 06:09:16', '2025-07-30 06:09:16'),
(65, 'NVDA', 'NVIDIA', '2025-07-21 16:00:00', '172.5100', '176.6600', '175.6500', '181.5100', 129383522, '4280267571200.00', '56.80', '0.0200', '179.3800', '86.6200', 148149300, NULL, '3.0900', 'Technology', NULL, 'USD', 'NMS', 5, '2025-07-30 06:09:16', '2025-07-30 06:09:16'),
(66, 'TSLA', 'Tesla', '2025-07-21 16:00:00', '322.7400', '321.8200', '331.5200', '322.3200', 92304114, '1036014583808.00', '192.34', NULL, '488.5400', '182.0000', 101615880, NULL, '1.6700', 'Consumer Discretionary', NULL, 'USD', 'NMS', 6, '2025-07-30 06:09:16', '2025-07-30 06:09:16'),
(67, 'META', 'Meta Platforms', '2025-07-21 16:00:00', '695.8000', '708.1800', '728.0900', '701.0200', 13324734, '1760031014912.00', '27.40', '0.2900', '747.9000', '450.8000', 10588330, NULL, '25.5500', 'Communication Services', NULL, 'USD', 'NMS', 7, '2025-07-30 06:09:16', '2025-07-30 06:09:16'),
(68, 'BRK-B', 'Berkshire Hathaway Inc. New', '2025-07-21 16:00:00', '486.7000', '479.3700', '477.4600', '483.0000', 4184861, '1027911319552.00', '12.70', NULL, '542.0700', '406.1100', 4162950, NULL, '37.5200', 'Financial Services', NULL, 'USD', 'NYQ', 8, '2025-07-30 06:09:16', '2025-07-30 06:09:16'),
(69, 'UNH', 'UnitedHealth Group Incorporated', '2025-07-21 16:00:00', '261.4700', '259.3800', '251.3700', '260.6800', 38210545, '236827033600.00', '11.30', '3.1300', '630.7300', '248.8800', 17395190, NULL, '23.1000', 'Healthcare', NULL, 'USD', 'NYQ', 9, '2025-07-30 06:09:16', '2025-07-30 06:09:16'),
(70, 'JNJ', 'Johnson & Johnson', '2025-07-21 16:00:00', '169.1100', '172.0100', '161.5500', '167.6800', 7258329, '404866039808.00', '17.98', '3.1300', '169.9900', '140.6800', 9995150, NULL, '9.3500', 'Healthcare', NULL, 'USD', 'NYQ', 10, '2025-07-30 06:09:16', '2025-07-30 06:09:16'),
(71, 'AAPL', 'Apple', '2025-07-20 16:00:00', '209.9900', '210.5100', '213.3600', '211.0800', 58075110, '3155486572544.00', '32.91', '0.4900', '260.1000', '169.2100', 46339700, NULL, '6.4200', 'Technology', NULL, 'USD', 'NMS', 1, '2025-07-30 06:09:16', '2025-07-30 06:09:16'),
(72, 'MSFT', 'Microsoft', '2025-07-20 16:00:00', '517.5200', '504.0900', '528.0700', '513.4600', 13835102, '3809697071104.00', '39.67', '0.6500', '518.2900', '344.7900', 16418460, NULL, '12.9200', 'Technology', NULL, 'USD', 'NMS', 2, '2025-07-30 06:09:16', '2025-07-30 06:09:16'),
(73, 'GOOGL', 'Alphabet Inc.', '2025-07-20 16:00:00', '195.7300', '192.6700', '200.3000', '195.8000', 36956396, '2371100082176.00', '20.87', '0.4300', '207.0500', '140.5300', 44241360, NULL, '9.3800', 'Communication Services', NULL, 'USD', 'NMS', 3, '2025-07-30 06:09:16', '2025-07-30 06:09:16'),
(74, 'AMZN', 'Amazon.com', '2025-07-20 16:00:00', '230.7800', '227.8200', '226.6900', '230.5900', 26757034, '2452494483456.00', '37.62', NULL, '242.5200', '151.6100', 34690050, NULL, '6.1400', 'Consumer Discretionary', NULL, 'USD', 'NMS', 4, '2025-07-30 06:09:16', '2025-07-30 06:09:16'),
(75, 'NVDA', 'NVIDIA', '2025-07-20 16:00:00', '175.8300', '171.8600', '172.1000', '174.9000', 171331250, '4280267571200.00', '56.80', '0.0200', '179.3800', '86.6200', 148149300, NULL, '3.0900', 'Technology', NULL, 'USD', 'NMS', 5, '2025-07-30 06:09:16', '2025-07-30 06:09:16'),
(76, 'TSLA', 'Tesla', '2025-07-20 16:00:00', '329.2600', '315.5900', '320.4300', '313.6300', 78432966, '1036014583808.00', '192.34', NULL, '488.5400', '182.0000', 101615880, NULL, '1.6700', 'Consumer Discretionary', NULL, 'USD', 'NMS', 6, '2025-07-30 06:09:16', '2025-07-30 06:09:16'),
(77, 'META', 'Meta Platforms', '2025-07-20 16:00:00', '704.1000', '685.7300', '727.5400', '699.4000', 13802651, '1760031014912.00', '27.40', '0.2900', '747.9000', '450.8000', 10588330, NULL, '25.5500', 'Communication Services', NULL, 'USD', 'NMS', 7, '2025-07-30 06:09:16', '2025-07-30 06:09:16'),
(78, 'BRK-B', 'Berkshire Hathaway Inc. New', '2025-07-20 16:00:00', '474.1900', '475.0500', '468.3000', '478.7700', 4201996, '1027911319552.00', '12.70', NULL, '542.0700', '406.1100', 4162950, NULL, '37.5200', 'Financial Services', NULL, 'USD', 'NYQ', 8, '2025-07-30 06:09:16', '2025-07-30 06:09:16'),
(79, 'UNH', 'UnitedHealth Group Incorporated', '2025-07-20 16:00:00', '261.9600', '263.1100', '253.5700', '262.1800', 32181071, '236827033600.00', '11.30', '3.1300', '630.7300', '248.8800', 17395190, NULL, '23.1000', 'Healthcare', NULL, 'USD', 'NYQ', 9, '2025-07-30 06:09:16', '2025-07-30 06:09:16'),
(80, 'JNJ', 'Johnson & Johnson', '2025-07-20 16:00:00', '169.3700', '166.8000', '172.4700', '168.3700', 7427450, '404866039808.00', '17.98', '3.1300', '169.9900', '140.6800', 9995150, NULL, '9.3500', 'Healthcare', NULL, 'USD', 'NYQ', 10, '2025-07-30 06:09:16', '2025-07-30 06:09:16'),
(81, 'AAPL', 'Apple', '2025-07-17 16:00:00', '213.1400', '212.7300', '214.5400', '209.8600', 42095074, '3155486572544.00', '32.91', '0.4900', '260.1000', '169.2100', 46339700, NULL, '6.4200', 'Technology', NULL, 'USD', 'NMS', 1, '2025-07-30 06:09:16', '2025-07-30 06:09:16'),
(82, 'MSFT', 'Microsoft', '2025-07-17 16:00:00', '512.6300', '520.4200', '526.0600', '517.1800', 16550965, '3809697071104.00', '39.67', '0.6500', '518.2900', '344.7900', 16418460, NULL, '12.9200', 'Technology', NULL, 'USD', 'NMS', 2, '2025-07-30 06:09:16', '2025-07-30 06:09:16'),
(83, 'GOOGL', 'Alphabet Inc.', '2025-07-17 16:00:00', '196.5300', '195.5000', '195.7700', '199.9900', 35020624, '2371100082176.00', '20.87', '0.4300', '207.0500', '140.5300', 44241360, NULL, '9.3800', 'Communication Services', NULL, 'USD', 'NMS', 3, '2025-07-30 06:09:16', '2025-07-30 06:09:16'),
(84, 'AMZN', 'Amazon.com', '2025-07-17 16:00:00', '231.7400', '230.9300', '227.6700', '227.3700', 34060445, '2452494483456.00', '37.62', NULL, '242.5200', '151.6100', 34690050, NULL, '6.1400', 'Consumer Discretionary', NULL, 'USD', 'NMS', 4, '2025-07-30 06:09:16', '2025-07-30 06:09:16'),
(85, 'NVDA', 'NVIDIA', '2025-07-17 16:00:00', '179.3600', '171.3100', '166.3100', '176.0700', 170869942, '4280267571200.00', '56.80', '0.0200', '179.3800', '86.6200', 148149300, NULL, '3.0900', 'Technology', NULL, 'USD', 'NMS', 5, '2025-07-30 06:09:16', '2025-07-30 06:09:16'),
(86, 'TSLA', 'Tesla', '2025-07-17 16:00:00', '321.7900', '318.8900', '332.1400', '322.9800', 99780205, '1036014583808.00', '192.34', NULL, '488.5400', '182.0000', 101615880, NULL, '1.6700', 'Consumer Discretionary', NULL, 'USD', 'NMS', 6, '2025-07-30 06:09:16', '2025-07-30 06:09:16'),
(87, 'META', 'Meta Platforms', '2025-07-17 16:00:00', '699.1100', '701.6200', '710.8900', '703.6900', 14640038, '1760031014912.00', '27.40', '0.2900', '747.9000', '450.8000', 10588330, NULL, '25.5500', 'Communication Services', NULL, 'USD', 'NMS', 7, '2025-07-30 06:09:16', '2025-07-30 06:09:16'),
(88, 'BRK-B', 'Berkshire Hathaway Inc. New', '2025-07-17 16:00:00', '481.9700', '478.3300', '470.4800', '482.7100', 3241667, '1027911319552.00', '12.70', NULL, '542.0700', '406.1100', 4162950, NULL, '37.5200', 'Financial Services', NULL, 'USD', 'NYQ', 8, '2025-07-30 06:09:16', '2025-07-30 06:09:16'),
(89, 'UNH', 'UnitedHealth Group Incorporated', '2025-07-17 16:00:00', '260.8400', '267.5500', '261.8700', '264.1200', 31817769, '236827033600.00', '11.30', '3.1300', '630.7300', '248.8800', 17395190, NULL, '23.1000', 'Healthcare', NULL, 'USD', 'NYQ', 9, '2025-07-30 06:09:16', '2025-07-30 06:09:16'),
(90, 'JNJ', 'Johnson & Johnson', '2025-07-17 16:00:00', '168.4000', '167.0500', '166.0700', '167.6800', 7602575, '404866039808.00', '17.98', '3.1300', '169.9900', '140.6800', 9995150, NULL, '9.3500', 'Healthcare', NULL, 'USD', 'NYQ', 10, '2025-07-30 06:09:16', '2025-07-30 06:09:16'),
(91, 'AAPL', 'Apple', '2025-07-16 16:00:00', '212.3900', '213.0600', '209.4700', '212.8500', 51863213, '3155486572544.00', '32.91', '0.4900', '260.1000', '169.2100', 46339700, NULL, '6.4200', 'Technology', NULL, 'USD', 'NMS', 1, '2025-07-30 06:09:16', '2025-07-30 06:09:16'),
(92, 'MSFT', 'Microsoft', '2025-07-16 16:00:00', '508.6100', '512.3300', '512.4600', '515.4500', 15464553, '3809697071104.00', '39.67', '0.6500', '518.2900', '344.7900', 16418460, NULL, '12.9200', 'Technology', NULL, 'USD', 'NMS', 2, '2025-07-30 06:09:16', '2025-07-30 06:09:16'),
(93, 'GOOGL', 'Alphabet Inc.', '2025-07-16 16:00:00', '197.0100', '198.3900', '196.4700', '190.5500', 40479241, '2371100082176.00', '20.87', '0.4300', '207.0500', '140.5300', 44241360, NULL, '9.3800', 'Communication Services', NULL, 'USD', 'NMS', 3, '2025-07-30 06:09:16', '2025-07-30 06:09:16'),
(94, 'AMZN', 'Amazon.com', '2025-07-16 16:00:00', '232.8200', '232.4700', '224.1400', '231.8100', 37360221, '2452494483456.00', '37.62', NULL, '242.5200', '151.6100', 34690050, NULL, '6.1400', 'Consumer Discretionary', NULL, 'USD', 'NMS', 4, '2025-07-30 06:09:16', '2025-07-30 06:09:16'),
(95, 'NVDA', 'NVIDIA', '2025-07-16 16:00:00', '168.9800', '171.7200', '177.4500', '184.7900', 159212755, '4280267571200.00', '56.80', '0.0200', '179.3800', '86.6200', 148149300, NULL, '3.0900', 'Technology', NULL, 'USD', 'NMS', 5, '2025-07-30 06:09:16', '2025-07-30 06:09:16'),
(96, 'TSLA', 'Tesla', '2025-07-16 16:00:00', '321.3100', '321.6800', '313.9400', '324.9000', 100789057, '1036014583808.00', '192.34', NULL, '488.5400', '182.0000', 101615880, NULL, '1.6700', 'Consumer Discretionary', NULL, 'USD', 'NMS', 6, '2025-07-30 06:09:16', '2025-07-30 06:09:16'),
(97, 'META', 'Meta Platforms', '2025-07-16 16:00:00', '679.2600', '723.9000', '694.1900', '729.7000', 13626960, '1760031014912.00', '27.40', '0.2900', '747.9000', '450.8000', 10588330, NULL, '25.5500', 'Communication Services', NULL, 'USD', 'NMS', 7, '2025-07-30 06:09:16', '2025-07-30 06:09:16'),
(98, 'BRK-B', 'Berkshire Hathaway Inc. New', '2025-07-16 16:00:00', '474.4700', '468.7800', '489.5500', '474.5200', 3388308, '1027911319552.00', '12.70', NULL, '542.0700', '406.1100', 4162950, NULL, '37.5200', 'Financial Services', NULL, 'USD', 'NYQ', 8, '2025-07-30 06:09:16', '2025-07-30 06:09:16'),
(99, 'UNH', 'UnitedHealth Group Incorporated', '2025-07-16 16:00:00', '254.2700', '257.8700', '259.2400', '251.2100', 31143422, '236827033600.00', '11.30', '3.1300', '630.7300', '248.8800', 17395190, NULL, '23.1000', 'Healthcare', NULL, 'USD', 'NYQ', 9, '2025-07-30 06:09:16', '2025-07-30 06:09:16'),
(100, 'JNJ', 'Johnson & Johnson', '2025-07-16 16:00:00', '169.1400', '167.4300', '161.8800', '168.8400', 7790695, '404866039808.00', '17.98', '3.1300', '169.9900', '140.6800', 9995150, NULL, '9.3500', 'Healthcare', NULL, 'USD', 'NYQ', 10, '2025-07-30 06:09:16', '2025-07-30 06:09:16'),
(101, 'AAPL', 'Apple', '2025-07-15 16:00:00', '208.7700', '208.4900', '211.9200', '221.8400', 58722058, '3155486572544.00', '32.91', '0.4900', '260.1000', '169.2100', 46339700, NULL, '6.4200', 'Technology', NULL, 'USD', 'NMS', 1, '2025-07-30 06:09:16', '2025-07-30 06:09:16'),
(102, 'MSFT', 'Microsoft', '2025-07-15 16:00:00', '515.2400', '505.7100', '534.8700', '519.9500', 18611424, '3809697071104.00', '39.67', '0.6500', '518.2900', '344.7900', 16418460, NULL, '12.9200', 'Technology', NULL, 'USD', 'NMS', 2, '2025-07-30 06:09:16', '2025-07-30 06:09:16'),
(103, 'GOOGL', 'Alphabet Inc.', '2025-07-15 16:00:00', '188.9800', '193.4300', '194.9500', '191.9200', 37794835, '2371100082176.00', '20.87', '0.4300', '207.0500', '140.5300', 44241360, NULL, '9.3800', 'Communication Services', NULL, 'USD', 'NMS', 3, '2025-07-30 06:09:16', '2025-07-30 06:09:16'),
(104, 'AMZN', 'Amazon.com', '2025-07-15 16:00:00', '231.2900', '228.7300', '231.5900', '230.8300', 35417246, '2452494483456.00', '37.62', NULL, '242.5200', '151.6100', 34690050, NULL, '6.1400', 'Consumer Discretionary', NULL, 'USD', 'NMS', 4, '2025-07-30 06:09:16', '2025-07-30 06:09:16'),
(105, 'NVDA', 'NVIDIA', '2025-07-15 16:00:00', '178.5900', '180.4700', '175.6000', '176.6000', 176575154, '4280267571200.00', '56.80', '0.0200', '179.3800', '86.6200', 148149300, NULL, '3.0900', 'Technology', NULL, 'USD', 'NMS', 5, '2025-07-30 06:09:16', '2025-07-30 06:09:16'),
(106, 'TSLA', 'Tesla', '2025-07-15 16:00:00', '314.1500', '320.0900', '322.7600', '321.9500', 103077606, '1036014583808.00', '192.34', NULL, '488.5400', '182.0000', 101615880, NULL, '1.6700', 'Consumer Discretionary', NULL, 'USD', 'NMS', 6, '2025-07-30 06:09:16', '2025-07-30 06:09:16'),
(107, 'META', 'Meta Platforms', '2025-07-15 16:00:00', '708.5500', '717.1100', '673.6100', '704.7100', 11043129, '1760031014912.00', '27.40', '0.2900', '747.9000', '450.8000', 10588330, NULL, '25.5500', 'Communication Services', NULL, 'USD', 'NMS', 7, '2025-07-30 06:09:16', '2025-07-30 06:09:16'),
(108, 'BRK-B', 'Berkshire Hathaway Inc. New', '2025-07-15 16:00:00', '472.2100', '474.7100', '471.1500', '474.9400', 3267798, '1027911319552.00', '12.70', NULL, '542.0700', '406.1100', 4162950, NULL, '37.5200', 'Financial Services', NULL, 'USD', 'NYQ', 8, '2025-07-30 06:09:16', '2025-07-30 06:09:16'),
(109, 'UNH', 'UnitedHealth Group Incorporated', '2025-07-15 16:00:00', '255.7400', '265.4100', '259.9800', '272.0900', 33853798, '236827033600.00', '11.30', '3.1300', '630.7300', '248.8800', 17395190, NULL, '23.1000', 'Healthcare', NULL, 'USD', 'NYQ', 9, '2025-07-30 06:09:16', '2025-07-30 06:09:16'),
(110, 'JNJ', 'Johnson & Johnson', '2025-07-15 16:00:00', '168.6000', '167.3900', '167.0600', '166.7300', 7487214, '404866039808.00', '17.98', '3.1300', '169.9900', '140.6800', 9995150, NULL, '9.3500', 'Healthcare', NULL, 'USD', 'NYQ', 10, '2025-07-30 06:09:16', '2025-07-30 06:09:16'),
(111, 'AAPL', 'Apple', '2025-07-14 16:00:00', '212.0400', '217.2600', '214.5400', '216.3000', 53917627, '3155486572544.00', '32.91', '0.4900', '260.1000', '169.2100', 46339700, NULL, '6.4200', 'Technology', NULL, 'USD', 'NMS', 1, '2025-07-30 06:09:16', '2025-07-30 06:09:16'),
(112, 'MSFT', 'Microsoft', '2025-07-14 16:00:00', '503.2000', '519.9000', '513.3600', '496.7800', 16325719, '3809697071104.00', '39.67', '0.6500', '518.2900', '344.7900', 16418460, NULL, '12.9200', 'Technology', NULL, 'USD', 'NMS', 2, '2025-07-30 06:09:16', '2025-07-30 06:09:16'),
(113, 'GOOGL', 'Alphabet Inc.', '2025-07-14 16:00:00', '193.3900', '193.2800', '195.7600', '195.3800', 46920679, '2371100082176.00', '20.87', '0.4300', '207.0500', '140.5300', 44241360, NULL, '9.3800', 'Communication Services', NULL, 'USD', 'NMS', 3, '2025-07-30 06:09:16', '2025-07-30 06:09:16'),
(114, 'AMZN', 'Amazon.com', '2025-07-14 16:00:00', '227.7900', '233.0100', '231.3000', '231.1000', 38952288, '2452494483456.00', '37.62', NULL, '242.5200', '151.6100', 34690050, NULL, '6.1400', 'Consumer Discretionary', NULL, 'USD', 'NMS', 4, '2025-07-30 06:09:16', '2025-07-30 06:09:16'),
(115, 'NVDA', 'NVIDIA', '2025-07-14 16:00:00', '174.2800', '181.7000', '167.6100', '178.1500', 156951489, '4280267571200.00', '56.80', '0.0200', '179.3800', '86.6200', 148149300, NULL, '3.0900', 'Technology', NULL, 'USD', 'NMS', 5, '2025-07-30 06:09:16', '2025-07-30 06:09:16'),
(116, 'TSLA', 'Tesla', '2025-07-14 16:00:00', '322.6900', '321.2800', '326.9800', '320.6400', 108047618, '1036014583808.00', '192.34', NULL, '488.5400', '182.0000', 101615880, NULL, '1.6700', 'Consumer Discretionary', NULL, 'USD', 'NMS', 6, '2025-07-30 06:09:16', '2025-07-30 06:09:16'),
(117, 'META', 'Meta Platforms', '2025-07-14 16:00:00', '674.1900', '710.1400', '701.0800', '666.9300', 15545482, '1760031014912.00', '27.40', '0.2900', '747.9000', '450.8000', 10588330, NULL, '25.5500', 'Communication Services', NULL, 'USD', 'NMS', 7, '2025-07-30 06:09:16', '2025-07-30 06:09:16'),
(118, 'BRK-B', 'Berkshire Hathaway Inc. New', '2025-07-14 16:00:00', '467.8300', '478.6600', '481.0800', '477.3700', 4998087, '1027911319552.00', '12.70', NULL, '542.0700', '406.1100', 4162950, NULL, '37.5200', 'Financial Services', NULL, 'USD', 'NYQ', 8, '2025-07-30 06:09:16', '2025-07-30 06:09:16'),
(119, 'UNH', 'UnitedHealth Group Incorporated', '2025-07-14 16:00:00', '260.4700', '261.8500', '261.0200', '265.7000', 40640690, '236827033600.00', '11.30', '3.1300', '630.7300', '248.8800', 17395190, NULL, '23.1000', 'Healthcare', NULL, 'USD', 'NYQ', 9, '2025-07-30 06:09:16', '2025-07-30 06:09:16'),
(120, 'JNJ', 'Johnson & Johnson', '2025-07-14 16:00:00', '168.0800', '168.0300', '165.7700', '167.4900', 6179299, '404866039808.00', '17.98', '3.1300', '169.9900', '140.6800', 9995150, NULL, '9.3500', 'Healthcare', NULL, 'USD', 'NYQ', 10, '2025-07-30 06:09:16', '2025-07-30 06:09:16'),
(121, 'AAPL', 'Apple', '2025-07-13 16:00:00', '203.0400', '212.0900', '212.1200', '219.1900', 57951712, '3155486572544.00', '32.91', '0.4900', '260.1000', '169.2100', 46339700, NULL, '6.4200', 'Technology', NULL, 'USD', 'NMS', 1, '2025-07-30 06:09:16', '2025-07-30 06:09:16'),
(122, 'MSFT', 'Microsoft', '2025-07-13 16:00:00', '514.8900', '509.4700', '520.1600', '514.2000', 13682825, '3809697071104.00', '39.67', '0.6500', '518.2900', '344.7900', 16418460, NULL, '12.9200', 'Technology', NULL, 'USD', 'NMS', 2, '2025-07-30 06:09:16', '2025-07-30 06:09:16'),
(123, 'GOOGL', 'Alphabet Inc.', '2025-07-13 16:00:00', '196.9800', '196.2700', '192.7400', '195.3300', 47053646, '2371100082176.00', '20.87', '0.4300', '207.0500', '140.5300', 44241360, NULL, '9.3800', 'Communication Services', NULL, 'USD', 'NMS', 3, '2025-07-30 06:09:16', '2025-07-30 06:09:16'),
(124, 'AMZN', 'Amazon.com', '2025-07-13 16:00:00', '226.1800', '236.9200', '234.2900', '231.2900', 27010805, '2452494483456.00', '37.62', NULL, '242.5200', '151.6100', 34690050, NULL, '6.1400', 'Consumer Discretionary', NULL, 'USD', 'NMS', 4, '2025-07-30 06:09:16', '2025-07-30 06:09:16'),
(125, 'NVDA', 'NVIDIA', '2025-07-13 16:00:00', '179.5800', '172.0600', '173.0500', '172.4800', 152869213, '4280267571200.00', '56.80', '0.0200', '179.3800', '86.6200', 148149300, NULL, '3.0900', 'Technology', NULL, 'USD', 'NMS', 5, '2025-07-30 06:09:16', '2025-07-30 06:09:16'),
(126, 'TSLA', 'Tesla', '2025-07-13 16:00:00', '320.2000', '319.8600', '320.8000', '312.4100', 69926246, '1036014583808.00', '192.34', NULL, '488.5400', '182.0000', 101615880, NULL, '1.6700', 'Consumer Discretionary', NULL, 'USD', 'NMS', 6, '2025-07-30 06:09:16', '2025-07-30 06:09:16'),
(127, 'META', 'Meta Platforms', '2025-07-13 16:00:00', '691.6800', '700.7000', '694.7100', '704.5100', 13497331, '1760031014912.00', '27.40', '0.2900', '747.9000', '450.8000', 10588330, NULL, '25.5500', 'Communication Services', NULL, 'USD', 'NMS', 7, '2025-07-30 06:09:16', '2025-07-30 06:09:16'),
(128, 'BRK-B', 'Berkshire Hathaway Inc. New', '2025-07-13 16:00:00', '475.0400', '476.6200', '465.9600', '475.6200', 3808648, '1027911319552.00', '12.70', NULL, '542.0700', '406.1100', 4162950, NULL, '37.5200', 'Financial Services', NULL, 'USD', 'NYQ', 8, '2025-07-30 06:09:16', '2025-07-30 06:09:16'),
(129, 'UNH', 'UnitedHealth Group Incorporated', '2025-07-13 16:00:00', '255.6100', '253.5000', '258.5200', '257.9100', 30491812, '236827033600.00', '11.30', '3.1300', '630.7300', '248.8800', 17395190, NULL, '23.1000', 'Healthcare', NULL, 'USD', 'NYQ', 9, '2025-07-30 06:09:16', '2025-07-30 06:09:16'),
(130, 'JNJ', 'Johnson & Johnson', '2025-07-13 16:00:00', '170.3500', '169.7400', '163.7500', '167.6600', 7849163, '404866039808.00', '17.98', '3.1300', '169.9900', '140.6800', 9995150, NULL, '9.3500', 'Healthcare', NULL, 'USD', 'NYQ', 10, '2025-07-30 06:09:16', '2025-07-30 06:09:16'),
(131, 'AAPL', 'Apple', '2025-07-10 16:00:00', '217.8100', '212.5500', '210.9900', '211.4500', 43019300, '3155486572544.00', '32.91', '0.4900', '260.1000', '169.2100', 46339700, NULL, '6.4200', 'Technology', NULL, 'USD', 'NMS', 1, '2025-07-30 06:09:16', '2025-07-30 06:09:16'),
(132, 'MSFT', 'Microsoft', '2025-07-10 16:00:00', '507.0600', '515.7300', '503.7800', '511.7800', 12451715, '3809697071104.00', '39.67', '0.6500', '518.2900', '344.7900', 16418460, NULL, '12.9200', 'Technology', NULL, 'USD', 'NMS', 2, '2025-07-30 06:09:16', '2025-07-30 06:09:16'),
(133, 'GOOGL', 'Alphabet Inc.', '2025-07-10 16:00:00', '196.0200', '196.5100', '194.7300', '198.3600', 40730386, '2371100082176.00', '20.87', '0.4300', '207.0500', '140.5300', 44241360, NULL, '9.3800', 'Communication Services', NULL, 'USD', 'NMS', 3, '2025-07-30 06:09:16', '2025-07-30 06:09:16'),
(134, 'AMZN', 'Amazon.com', '2025-07-10 16:00:00', '232.4300', '226.6600', '231.5800', '229.8500', 37383288, '2452494483456.00', '37.62', NULL, '242.5200', '151.6100', 34690050, NULL, '6.1400', 'Consumer Discretionary', NULL, 'USD', 'NMS', 4, '2025-07-30 06:09:16', '2025-07-30 06:09:16'),
(135, 'NVDA', 'NVIDIA', '2025-07-10 16:00:00', '173.0000', '174.2700', '174.0800', '175.3500', 136629368, '4280267571200.00', '56.80', '0.0200', '179.3800', '86.6200', 148149300, NULL, '3.0900', 'Technology', NULL, 'USD', 'NMS', 5, '2025-07-30 06:09:16', '2025-07-30 06:09:16'),
(136, 'TSLA', 'Tesla', '2025-07-10 16:00:00', '317.3200', '315.2500', '320.3700', '320.0600', 72995547, '1036014583808.00', '192.34', NULL, '488.5400', '182.0000', 101615880, NULL, '1.6700', 'Consumer Discretionary', NULL, 'USD', 'NMS', 6, '2025-07-30 06:09:16', '2025-07-30 06:09:16'),
(137, 'META', 'Meta Platforms', '2025-07-10 16:00:00', '689.6800', '714.3800', '676.1900', '695.6000', 14995735, '1760031014912.00', '27.40', '0.2900', '747.9000', '450.8000', 10588330, NULL, '25.5500', 'Communication Services', NULL, 'USD', 'NMS', 7, '2025-07-30 06:09:16', '2025-07-30 06:09:16'),
(138, 'BRK-B', 'Berkshire Hathaway Inc. New', '2025-07-10 16:00:00', '482.3300', '478.3000', '478.4700', '473.1200', 4503232, '1027911319552.00', '12.70', NULL, '542.0700', '406.1100', 4162950, NULL, '37.5200', 'Financial Services', NULL, 'USD', 'NYQ', 8, '2025-07-30 06:09:16', '2025-07-30 06:09:16'),
(139, 'UNH', 'UnitedHealth Group Incorporated', '2025-07-10 16:00:00', '260.8200', '261.6800', '267.4500', '259.4300', 49014049, '236827033600.00', '11.30', '3.1300', '630.7300', '248.8800', 17395190, NULL, '23.1000', 'Healthcare', NULL, 'USD', 'NYQ', 9, '2025-07-30 06:09:16', '2025-07-30 06:09:16'),
(140, 'JNJ', 'Johnson & Johnson', '2025-07-10 16:00:00', '168.4900', '167.4600', '169.5700', '169.4200', 5800998, '404866039808.00', '17.98', '3.1300', '169.9900', '140.6800', 9995150, NULL, '9.3500', 'Healthcare', NULL, 'USD', 'NYQ', 10, '2025-07-30 06:09:16', '2025-07-30 06:09:16'),
(141, 'AAPL', 'Apple', '2025-07-09 16:00:00', '204.3900', '205.8800', '209.3800', '214.5600', 53175369, '3155486572544.00', '32.91', '0.4900', '260.1000', '169.2100', 46339700, NULL, '6.4200', 'Technology', NULL, 'USD', 'NMS', 1, '2025-07-30 06:09:16', '2025-07-30 06:09:16'),
(142, 'MSFT', 'Microsoft', '2025-07-09 16:00:00', '515.0400', '509.7400', '522.7600', '509.9700', 17433745, '3809697071104.00', '39.67', '0.6500', '518.2900', '344.7900', 16418460, NULL, '12.9200', 'Technology', NULL, 'USD', 'NMS', 2, '2025-07-30 06:09:16', '2025-07-30 06:09:16'),
(143, 'GOOGL', 'Alphabet Inc.', '2025-07-09 16:00:00', '194.4800', '196.4000', '193.9200', '198.5800', 39327333, '2371100082176.00', '20.87', '0.4300', '207.0500', '140.5300', 44241360, NULL, '9.3800', 'Communication Services', NULL, 'USD', 'NMS', 3, '2025-07-30 06:09:16', '2025-07-30 06:09:16'),
(144, 'AMZN', 'Amazon.com', '2025-07-09 16:00:00', '233.4500', '227.5100', '229.3000', '234.9000', 27100083, '2452494483456.00', '37.62', NULL, '242.5200', '151.6100', 34690050, NULL, '6.1400', 'Consumer Discretionary', NULL, 'USD', 'NMS', 4, '2025-07-30 06:09:16', '2025-07-30 06:09:16'),
(145, 'NVDA', 'NVIDIA', '2025-07-09 16:00:00', '179.0700', '174.1900', '173.9600', '171.7200', 143849933, '4280267571200.00', '56.80', '0.0200', '179.3800', '86.6200', 148149300, NULL, '3.0900', 'Technology', NULL, 'USD', 'NMS', 5, '2025-07-30 06:09:16', '2025-07-30 06:09:16'),
(146, 'TSLA', 'Tesla', '2025-07-09 16:00:00', '331.8200', '326.7800', '321.9100', '332.4200', 94757362, '1036014583808.00', '192.34', NULL, '488.5400', '182.0000', 101615880, NULL, '1.6700', 'Consumer Discretionary', NULL, 'USD', 'NMS', 6, '2025-07-30 06:09:16', '2025-07-30 06:09:16'),
(147, 'META', 'Meta Platforms', '2025-07-09 16:00:00', '704.8400', '689.5800', '697.6300', '714.8700', 10111325, '1760031014912.00', '27.40', '0.2900', '747.9000', '450.8000', 10588330, NULL, '25.5500', 'Communication Services', NULL, 'USD', 'NMS', 7, '2025-07-30 06:09:16', '2025-07-30 06:09:16'),
(148, 'BRK-B', 'Berkshire Hathaway Inc. New', '2025-07-09 16:00:00', '486.0000', '473.2000', '489.1500', '481.2100', 3227088, '1027911319552.00', '12.70', NULL, '542.0700', '406.1100', 4162950, NULL, '37.5200', 'Financial Services', NULL, 'USD', 'NYQ', 8, '2025-07-30 06:09:16', '2025-07-30 06:09:16'),
(149, 'UNH', 'UnitedHealth Group Incorporated', '2025-07-09 16:00:00', '260.1600', '262.6300', '265.0800', '260.7400', 32799962, '236827033600.00', '11.30', '3.1300', '630.7300', '248.8800', 17395190, NULL, '23.1000', 'Healthcare', NULL, 'USD', 'NYQ', 9, '2025-07-30 06:09:16', '2025-07-30 06:09:16'),
(150, 'JNJ', 'Johnson & Johnson', '2025-07-09 16:00:00', '164.1400', '165.5800', '167.5300', '169.1700', 6625866, '404866039808.00', '17.98', '3.1300', '169.9900', '140.6800', 9995150, NULL, '9.3500', 'Healthcare', NULL, 'USD', 'NYQ', 10, '2025-07-30 06:09:16', '2025-07-30 06:09:16'),
(151, 'AAPL', 'Apple', '2025-07-08 16:00:00', '207.9900', '210.7500', '214.2500', '208.9200', 55282499, '3155486572544.00', '32.91', '0.4900', '260.1000', '169.2100', 46339700, NULL, '6.4200', 'Technology', NULL, 'USD', 'NMS', 1, '2025-07-30 06:09:16', '2025-07-30 06:09:16'),
(152, 'MSFT', 'Microsoft', '2025-07-08 16:00:00', '512.5200', '503.0500', '506.1900', '509.0900', 16275726, '3809697071104.00', '39.67', '0.6500', '518.2900', '344.7900', 16418460, NULL, '12.9200', 'Technology', NULL, 'USD', 'NMS', 2, '2025-07-30 06:09:16', '2025-07-30 06:09:16'),
(153, 'GOOGL', 'Alphabet Inc.', '2025-07-08 16:00:00', '198.3300', '195.3100', '197.5300', '198.5900', 44005555, '2371100082176.00', '20.87', '0.4300', '207.0500', '140.5300', 44241360, NULL, '9.3800', 'Communication Services', NULL, 'USD', 'NMS', 3, '2025-07-30 06:09:16', '2025-07-30 06:09:16'),
(154, 'AMZN', 'Amazon.com', '2025-07-08 16:00:00', '231.2000', '233.0400', '230.7900', '236.0200', 40405609, '2452494483456.00', '37.62', NULL, '242.5200', '151.6100', 34690050, NULL, '6.1400', 'Consumer Discretionary', NULL, 'USD', 'NMS', 4, '2025-07-30 06:09:16', '2025-07-30 06:09:16'),
(155, 'NVDA', 'NVIDIA', '2025-07-08 16:00:00', '174.8500', '176.2600', '177.2000', '175.3100', 161287237, '4280267571200.00', '56.80', '0.0200', '179.3800', '86.6200', 148149300, NULL, '3.0900', 'Technology', NULL, 'USD', 'NMS', 5, '2025-07-30 06:09:16', '2025-07-30 06:09:16'),
(156, 'TSLA', 'Tesla', '2025-07-08 16:00:00', '316.0700', '323.8300', '338.6400', '323.5900', 81535795, '1036014583808.00', '192.34', NULL, '488.5400', '182.0000', 101615880, NULL, '1.6700', 'Consumer Discretionary', NULL, 'USD', 'NMS', 6, '2025-07-30 06:09:16', '2025-07-30 06:09:16'),
(157, 'META', 'Meta Platforms', '2025-07-08 16:00:00', '697.8700', '705.7600', '677.1500', '702.5800', 15698438, '1760031014912.00', '27.40', '0.2900', '747.9000', '450.8000', 10588330, NULL, '25.5500', 'Communication Services', NULL, 'USD', 'NMS', 7, '2025-07-30 06:09:16', '2025-07-30 06:09:16'),
(158, 'BRK-B', 'Berkshire Hathaway Inc. New', '2025-07-08 16:00:00', '468.1700', '482.6300', '470.1800', '473.8700', 5184536, '1027911319552.00', '12.70', NULL, '542.0700', '406.1100', 4162950, NULL, '37.5200', 'Financial Services', NULL, 'USD', 'NYQ', 8, '2025-07-30 06:09:16', '2025-07-30 06:09:16'),
(159, 'UNH', 'UnitedHealth Group Incorporated', '2025-07-08 16:00:00', '264.2400', '259.5900', '259.9500', '255.7200', 31951470, '236827033600.00', '11.30', '3.1300', '630.7300', '248.8800', 17395190, NULL, '23.1000', 'Healthcare', NULL, 'USD', 'NYQ', 9, '2025-07-30 06:09:16', '2025-07-30 06:09:16'),
(160, 'JNJ', 'Johnson & Johnson', '2025-07-08 16:00:00', '165.6300', '165.8700', '167.3900', '166.1700', 6147121, '404866039808.00', '17.98', '3.1300', '169.9900', '140.6800', 9995150, NULL, '9.3500', 'Healthcare', NULL, 'USD', 'NYQ', 10, '2025-07-30 06:09:16', '2025-07-30 06:09:16'),
(161, 'AAPL', 'Apple', '2025-07-07 16:00:00', '215.1100', '210.6600', '211.3500', '208.8800', 57976613, '3155486572544.00', '32.91', '0.4900', '260.1000', '169.2100', 46339700, NULL, '6.4200', 'Technology', NULL, 'USD', 'NMS', 1, '2025-07-30 06:09:16', '2025-07-30 06:09:16'),
(162, 'MSFT', 'Microsoft', '2025-07-07 16:00:00', '512.4300', '510.8300', '504.3500', '514.5500', 19167438, '3809697071104.00', '39.67', '0.6500', '518.2900', '344.7900', 16418460, NULL, '12.9200', 'Technology', NULL, 'USD', 'NMS', 2, '2025-07-30 06:09:16', '2025-07-30 06:09:16'),
(163, 'GOOGL', 'Alphabet Inc.', '2025-07-07 16:00:00', '196.8200', '196.4300', '197.1300', '194.8500', 34000622, '2371100082176.00', '20.87', '0.4300', '207.0500', '140.5300', 44241360, NULL, '9.3800', 'Communication Services', NULL, 'USD', 'NMS', 3, '2025-07-30 06:09:16', '2025-07-30 06:09:16'),
(164, 'AMZN', 'Amazon.com', '2025-07-07 16:00:00', '232.2900', '231.6700', '232.2100', '225.5200', 32053933, '2452494483456.00', '37.62', NULL, '242.5200', '151.6100', 34690050, NULL, '6.1400', 'Consumer Discretionary', NULL, 'USD', 'NMS', 4, '2025-07-30 06:09:16', '2025-07-30 06:09:16'),
(165, 'NVDA', 'NVIDIA', '2025-07-07 16:00:00', '172.1500', '170.6800', '169.5400', '173.9000', 187858058, '4280267571200.00', '56.80', '0.0200', '179.3800', '86.6200', 148149300, NULL, '3.0900', 'Technology', NULL, 'USD', 'NMS', 5, '2025-07-30 06:09:16', '2025-07-30 06:09:16'),
(166, 'TSLA', 'Tesla', '2025-07-07 16:00:00', '321.2400', '319.6300', '325.7400', '322.7400', 67325180, '1036014583808.00', '192.34', NULL, '488.5400', '182.0000', 101615880, NULL, '1.6700', 'Consumer Discretionary', NULL, 'USD', 'NMS', 6, '2025-07-30 06:09:16', '2025-07-30 06:09:16'),
(167, 'META', 'Meta Platforms', '2025-07-07 16:00:00', '692.3200', '697.6000', '694.4700', '686.0800', 13204981, '1760031014912.00', '27.40', '0.2900', '747.9000', '450.8000', 10588330, NULL, '25.5500', 'Communication Services', NULL, 'USD', 'NMS', 7, '2025-07-30 06:09:16', '2025-07-30 06:09:16'),
(168, 'BRK-B', 'Berkshire Hathaway Inc. New', '2025-07-07 16:00:00', '474.4000', '483.5600', '487.1700', '480.9800', 3483005, '1027911319552.00', '12.70', NULL, '542.0700', '406.1100', 4162950, NULL, '37.5200', 'Financial Services', NULL, 'USD', 'NYQ', 8, '2025-07-30 06:09:16', '2025-07-30 06:09:16'),
(169, 'UNH', 'UnitedHealth Group Incorporated', '2025-07-07 16:00:00', '262.7600', '260.5700', '255.6500', '263.4100', 38447775, '236827033600.00', '11.30', '3.1300', '630.7300', '248.8800', 17395190, NULL, '23.1000', 'Healthcare', NULL, 'USD', 'NYQ', 9, '2025-07-30 06:09:16', '2025-07-30 06:09:16'),
(170, 'JNJ', 'Johnson & Johnson', '2025-07-07 16:00:00', '166.3500', '171.0200', '170.9800', '169.1800', 8334209, '404866039808.00', '17.98', '3.1300', '169.9900', '140.6800', 9995150, NULL, '9.3500', 'Healthcare', NULL, 'USD', 'NYQ', 10, '2025-07-30 06:09:16', '2025-07-30 06:09:16'),
(171, 'AAPL', 'Apple', '2025-07-06 16:00:00', '211.2700', '211.2300', '220.4200', '213.8500', 44799913, '3155486572544.00', '32.91', '0.4900', '260.1000', '169.2100', 46339700, NULL, '6.4200', 'Technology', NULL, 'USD', 'NMS', 1, '2025-07-30 06:09:16', '2025-07-30 06:09:16'),
(172, 'MSFT', 'Microsoft', '2025-07-06 16:00:00', '533.0400', '514.5700', '515.7300', '527.3700', 13652994, '3809697071104.00', '39.67', '0.6500', '518.2900', '344.7900', 16418460, NULL, '12.9200', 'Technology', NULL, 'USD', 'NMS', 2, '2025-07-30 06:09:16', '2025-07-30 06:09:16'),
(173, 'GOOGL', 'Alphabet Inc.', '2025-07-06 16:00:00', '195.7600', '196.7900', '194.7600', '194.2200', 33004965, '2371100082176.00', '20.87', '0.4300', '207.0500', '140.5300', 44241360, NULL, '9.3800', 'Communication Services', NULL, 'USD', 'NMS', 3, '2025-07-30 06:09:16', '2025-07-30 06:09:16'),
(174, 'AMZN', 'Amazon.com', '2025-07-06 16:00:00', '226.6400', '230.9200', '232.4900', '225.7600', 31907289, '2452494483456.00', '37.62', NULL, '242.5200', '151.6100', 34690050, NULL, '6.1400', 'Consumer Discretionary', NULL, 'USD', 'NMS', 4, '2025-07-30 06:09:16', '2025-07-30 06:09:16'),
(175, 'NVDA', 'NVIDIA', '2025-07-06 16:00:00', '176.0600', '176.8100', '176.8200', '179.9900', 128164593, '4280267571200.00', '56.80', '0.0200', '179.3800', '86.6200', 148149300, NULL, '3.0900', 'Technology', NULL, 'USD', 'NMS', 5, '2025-07-30 06:09:16', '2025-07-30 06:09:16'),
(176, 'TSLA', 'Tesla', '2025-07-06 16:00:00', '320.4700', '320.7700', '313.1800', '317.2900', 107431158, '1036014583808.00', '192.34', NULL, '488.5400', '182.0000', 101615880, NULL, '1.6700', 'Consumer Discretionary', NULL, 'USD', 'NMS', 6, '2025-07-30 06:09:16', '2025-07-30 06:09:16'),
(177, 'META', 'Meta Platforms', '2025-07-06 16:00:00', '703.4400', '700.8800', '699.2500', '706.6400', 12458151, '1760031014912.00', '27.40', '0.2900', '747.9000', '450.8000', 10588330, NULL, '25.5500', 'Communication Services', NULL, 'USD', 'NMS', 7, '2025-07-30 06:09:16', '2025-07-30 06:09:16'),
(178, 'BRK-B', 'Berkshire Hathaway Inc. New', '2025-07-06 16:00:00', '478.5000', '477.4800', '478.8000', '490.9000', 5103659, '1027911319552.00', '12.70', NULL, '542.0700', '406.1100', 4162950, NULL, '37.5200', 'Financial Services', NULL, 'USD', 'NYQ', 8, '2025-07-30 06:09:16', '2025-07-30 06:09:16'),
(179, 'UNH', 'UnitedHealth Group Incorporated', '2025-07-06 16:00:00', '257.6600', '269.2400', '269.0500', '265.1300', 47342868, '236827033600.00', '11.30', '3.1300', '630.7300', '248.8800', 17395190, NULL, '23.1000', 'Healthcare', NULL, 'USD', 'NYQ', 9, '2025-07-30 06:09:16', '2025-07-30 06:09:16'),
(180, 'JNJ', 'Johnson & Johnson', '2025-07-06 16:00:00', '168.0800', '166.3600', '165.5000', '168.1800', 5935430, '404866039808.00', '17.98', '3.1300', '169.9900', '140.6800', 9995150, NULL, '9.3500', 'Healthcare', NULL, 'USD', 'NYQ', 10, '2025-07-30 06:09:16', '2025-07-30 06:09:16'),
(181, 'AAPL', 'Apple', '2025-07-03 16:00:00', '210.7000', '212.6500', '215.8200', '212.1400', 42281280, '3155486572544.00', '32.91', '0.4900', '260.1000', '169.2100', 46339700, NULL, '6.4200', 'Technology', NULL, 'USD', 'NMS', 1, '2025-07-30 06:09:16', '2025-07-30 06:09:16'),
(182, 'MSFT', 'Microsoft', '2025-07-03 16:00:00', '522.3300', '509.8100', '503.8000', '519.2600', 15396349, '3809697071104.00', '39.67', '0.6500', '518.2900', '344.7900', 16418460, NULL, '12.9200', 'Technology', NULL, 'USD', 'NMS', 2, '2025-07-30 06:09:16', '2025-07-30 06:09:16'),
(183, 'GOOGL', 'Alphabet Inc.', '2025-07-03 16:00:00', '199.4600', '192.6200', '201.1200', '197.4500', 38908175, '2371100082176.00', '20.87', '0.4300', '207.0500', '140.5300', 44241360, NULL, '9.3800', 'Communication Services', NULL, 'USD', 'NMS', 3, '2025-07-30 06:09:16', '2025-07-30 06:09:16'),
(184, 'AMZN', 'Amazon.com', '2025-07-03 16:00:00', '230.0800', '229.5400', '224.8900', '232.4800', 32786900, '2452494483456.00', '37.62', NULL, '242.5200', '151.6100', 34690050, NULL, '6.1400', 'Consumer Discretionary', NULL, 'USD', 'NMS', 4, '2025-07-30 06:09:16', '2025-07-30 06:09:16'),
(185, 'NVDA', 'NVIDIA', '2025-07-03 16:00:00', '173.2600', '181.3100', '178.8700', '175.3400', 163306498, '4280267571200.00', '56.80', '0.0200', '179.3800', '86.6200', 148149300, NULL, '3.0900', 'Technology', NULL, 'USD', 'NMS', 5, '2025-07-30 06:09:16', '2025-07-30 06:09:16'),
(186, 'TSLA', 'Tesla', '2025-07-03 16:00:00', '320.8500', '315.8700', '316.4600', '320.4400', 108206334, '1036014583808.00', '192.34', NULL, '488.5400', '182.0000', 101615880, NULL, '1.6700', 'Consumer Discretionary', NULL, 'USD', 'NMS', 6, '2025-07-30 06:09:16', '2025-07-30 06:09:16'),
(187, 'META', 'Meta Platforms', '2025-07-03 16:00:00', '694.3900', '694.6600', '702.9200', '694.2000', 15634081, '1760031014912.00', '27.40', '0.2900', '747.9000', '450.8000', 10588330, NULL, '25.5500', 'Communication Services', NULL, 'USD', 'NMS', 7, '2025-07-30 06:09:16', '2025-07-30 06:09:16'),
(188, 'BRK-B', 'Berkshire Hathaway Inc. New', '2025-07-03 16:00:00', '488.7900', '484.6000', '477.4500', '488.7200', 3744033, '1027911319552.00', '12.70', NULL, '542.0700', '406.1100', 4162950, NULL, '37.5200', 'Financial Services', NULL, 'USD', 'NYQ', 8, '2025-07-30 06:09:16', '2025-07-30 06:09:16'),
(189, 'UNH', 'UnitedHealth Group Incorporated', '2025-07-03 16:00:00', '254.1400', '258.1700', '260.5000', '253.3500', 38743352, '236827033600.00', '11.30', '3.1300', '630.7300', '248.8800', 17395190, NULL, '23.1000', 'Healthcare', NULL, 'USD', 'NYQ', 9, '2025-07-30 06:09:16', '2025-07-30 06:09:16'),
(190, 'JNJ', 'Johnson & Johnson', '2025-07-03 16:00:00', '168.1300', '168.4000', '171.3100', '170.0700', 6762547, '404866039808.00', '17.98', '3.1300', '169.9900', '140.6800', 9995150, NULL, '9.3500', 'Healthcare', NULL, 'USD', 'NYQ', 10, '2025-07-30 06:09:16', '2025-07-30 06:09:16'),
(191, 'AAPL', 'Apple', '2025-07-02 16:00:00', '206.6900', '215.4800', '213.7200', '207.8300', 37521380, '3155486572544.00', '32.91', '0.4900', '260.1000', '169.2100', 46339700, NULL, '6.4200', 'Technology', NULL, 'USD', 'NMS', 1, '2025-07-30 06:09:16', '2025-07-30 06:09:16'),
(192, 'MSFT', 'Microsoft', '2025-07-02 16:00:00', '510.9900', '510.0700', '508.6200', '515.6000', 13394003, '3809697071104.00', '39.67', '0.6500', '518.2900', '344.7900', 16418460, NULL, '12.9200', 'Technology', NULL, 'USD', 'NMS', 2, '2025-07-30 06:09:16', '2025-07-30 06:09:16'),
(193, 'GOOGL', 'Alphabet Inc.', '2025-07-02 16:00:00', '193.8000', '193.4700', '193.7500', '192.0100', 43504120, '2371100082176.00', '20.87', '0.4300', '207.0500', '140.5300', 44241360, NULL, '9.3800', 'Communication Services', NULL, 'USD', 'NMS', 3, '2025-07-30 06:09:16', '2025-07-30 06:09:16'),
(194, 'AMZN', 'Amazon.com', '2025-07-02 16:00:00', '231.4900', '231.3000', '234.7400', '231.0500', 27828936, '2452494483456.00', '37.62', NULL, '242.5200', '151.6100', 34690050, NULL, '6.1400', 'Consumer Discretionary', NULL, 'USD', 'NMS', 4, '2025-07-30 06:09:16', '2025-07-30 06:09:16'),
(195, 'NVDA', 'NVIDIA', '2025-07-02 16:00:00', '180.9000', '173.4100', '176.4900', '170.1200', 165874640, '4280267571200.00', '56.80', '0.0200', '179.3800', '86.6200', 148149300, NULL, '3.0900', 'Technology', NULL, 'USD', 'NMS', 5, '2025-07-30 06:09:16', '2025-07-30 06:09:16'),
(196, 'TSLA', 'Tesla', '2025-07-02 16:00:00', '325.1000', '318.8100', '335.4700', '323.0700', 70419166, '1036014583808.00', '192.34', NULL, '488.5400', '182.0000', 101615880, NULL, '1.6700', 'Consumer Discretionary', NULL, 'USD', 'NMS', 6, '2025-07-30 06:09:16', '2025-07-30 06:09:16'),
(197, 'META', 'Meta Platforms', '2025-07-02 16:00:00', '693.8100', '702.6100', '693.5700', '698.4600', 11166940, '1760031014912.00', '27.40', '0.2900', '747.9000', '450.8000', 10588330, NULL, '25.5500', 'Communication Services', NULL, 'USD', 'NMS', 7, '2025-07-30 06:09:16', '2025-07-30 06:09:16'),
(198, 'BRK-B', 'Berkshire Hathaway Inc. New', '2025-07-02 16:00:00', '456.2600', '468.4400', '476.5600', '454.0900', 5139296, '1027911319552.00', '12.70', NULL, '542.0700', '406.1100', 4162950, NULL, '37.5200', 'Financial Services', NULL, 'USD', 'NYQ', 8, '2025-07-30 06:09:16', '2025-07-30 06:09:16'),
(199, 'UNH', 'UnitedHealth Group Incorporated', '2025-07-02 16:00:00', '273.0700', '255.4100', '265.0500', '269.7000', 34832845, '236827033600.00', '11.30', '3.1300', '630.7300', '248.8800', 17395190, NULL, '23.1000', 'Healthcare', NULL, 'USD', 'NYQ', 9, '2025-07-30 06:09:16', '2025-07-30 06:09:16'),
(200, 'JNJ', 'Johnson & Johnson', '2025-07-02 16:00:00', '169.1900', '169.4700', '170.5100', '166.8900', 8488602, '404866039808.00', '17.98', '3.1300', '169.9900', '140.6800', 9995150, NULL, '9.3500', 'Healthcare', NULL, 'USD', 'NYQ', 10, '2025-07-30 06:09:16', '2025-07-30 06:09:16'),
(201, 'AAPL', 'Apple', '2025-07-01 16:00:00', '201.3200', '217.2300', '213.4200', '201.4000', 57128603, '3155486572544.00', '32.91', '0.4900', '260.1000', '169.2100', 46339700, NULL, '6.4200', 'Technology', NULL, 'USD', 'NMS', 1, '2025-07-30 06:09:16', '2025-07-30 06:09:16'),
(202, 'MSFT', 'Microsoft', '2025-07-01 16:00:00', '516.5700', '513.9300', '516.0800', '509.7900', 18089622, '3809697071104.00', '39.67', '0.6500', '518.2900', '344.7900', 16418460, NULL, '12.9200', 'Technology', NULL, 'USD', 'NMS', 2, '2025-07-30 06:09:16', '2025-07-30 06:09:16'),
(203, 'GOOGL', 'Alphabet Inc.', '2025-07-01 16:00:00', '193.9100', '196.7500', '196.5600', '198.3600', 33348051, '2371100082176.00', '20.87', '0.4300', '207.0500', '140.5300', 44241360, NULL, '9.3800', 'Communication Services', NULL, 'USD', 'NMS', 3, '2025-07-30 06:09:16', '2025-07-30 06:09:16'),
(204, 'AMZN', 'Amazon.com', '2025-07-01 16:00:00', '236.9200', '226.6900', '231.3600', '231.6100', 36914828, '2452494483456.00', '37.62', NULL, '242.5200', '151.6100', 34690050, NULL, '6.1400', 'Consumer Discretionary', NULL, 'USD', 'NMS', 4, '2025-07-30 06:09:16', '2025-07-30 06:09:16'),
(205, 'NVDA', 'NVIDIA', '2025-07-01 16:00:00', '178.9100', '177.5400', '170.4700', '176.7000', 175340727, '4280267571200.00', '56.80', '0.0200', '179.3800', '86.6200', 148149300, NULL, '3.0900', 'Technology', NULL, 'USD', 'NMS', 5, '2025-07-30 06:09:16', '2025-07-30 06:09:16'),
(206, 'TSLA', 'Tesla', '2025-07-01 16:00:00', '314.5600', '314.8300', '325.0000', '315.7500', 68344114, '1036014583808.00', '192.34', NULL, '488.5400', '182.0000', 101615880, NULL, '1.6700', 'Consumer Discretionary', NULL, 'USD', 'NMS', 6, '2025-07-30 06:09:16', '2025-07-30 06:09:16'),
(207, 'META', 'Meta Platforms', '2025-07-01 16:00:00', '705.9800', '680.6700', '692.6800', '693.1700', 11071402, '1760031014912.00', '27.40', '0.2900', '747.9000', '450.8000', 10588330, NULL, '25.5500', 'Communication Services', NULL, 'USD', 'NMS', 7, '2025-07-30 06:09:16', '2025-07-30 06:09:16'),
(208, 'BRK-B', 'Berkshire Hathaway Inc. New', '2025-07-01 16:00:00', '469.1700', '489.2800', '500.3600', '485.4700', 5090392, '1027911319552.00', '12.70', NULL, '542.0700', '406.1100', 4162950, NULL, '37.5200', 'Financial Services', NULL, 'USD', 'NYQ', 8, '2025-07-30 06:09:16', '2025-07-30 06:09:16'),
(209, 'UNH', 'UnitedHealth Group Incorporated', '2025-07-01 16:00:00', '261.3200', '263.7000', '263.5900', '259.3100', 41614891, '236827033600.00', '11.30', '3.1300', '630.7300', '248.8800', 17395190, NULL, '23.1000', 'Healthcare', NULL, 'USD', 'NYQ', 9, '2025-07-30 06:09:16', '2025-07-30 06:09:16'),
(210, 'JNJ', 'Johnson & Johnson', '2025-07-01 16:00:00', '167.8500', '166.4600', '168.9900', '166.8000', 9510340, '404866039808.00', '17.98', '3.1300', '169.9900', '140.6800', 9995150, NULL, '9.3500', 'Healthcare', NULL, 'USD', 'NYQ', 10, '2025-07-30 06:09:16', '2025-07-30 06:09:16'),
(211, 'AAPL', 'Apple', '2025-06-30 16:00:00', '212.7500', '212.5500', '211.4400', '214.5100', 42426335, '3155486572544.00', '32.91', '0.4900', '260.1000', '169.2100', 46339700, NULL, '6.4200', 'Technology', NULL, 'USD', 'NMS', 1, '2025-07-30 06:09:16', '2025-07-30 06:09:16'),
(212, 'MSFT', 'Microsoft', '2025-06-30 16:00:00', '503.7400', '507.7800', '516.5700', '498.4200', 15776851, '3809697071104.00', '39.67', '0.6500', '518.2900', '344.7900', 16418460, NULL, '12.9200', 'Technology', NULL, 'USD', 'NMS', 2, '2025-07-30 06:09:16', '2025-07-30 06:09:16'),
(213, 'GOOGL', 'Alphabet Inc.', '2025-06-30 16:00:00', '190.7600', '191.1600', '198.4000', '190.5100', 34523671, '2371100082176.00', '20.87', '0.4300', '207.0500', '140.5300', 44241360, NULL, '9.3800', 'Communication Services', NULL, 'USD', 'NMS', 3, '2025-07-30 06:09:16', '2025-07-30 06:09:16'),
(214, 'AMZN', 'Amazon.com', '2025-06-30 16:00:00', '228.5000', '230.9800', '229.4600', '237.2800', 37581862, '2452494483456.00', '37.62', NULL, '242.5200', '151.6100', 34690050, NULL, '6.1400', 'Consumer Discretionary', NULL, 'USD', 'NMS', 4, '2025-07-30 06:09:16', '2025-07-30 06:09:16'),
(215, 'NVDA', 'NVIDIA', '2025-06-30 16:00:00', '179.5400', '177.0400', '170.7900', '176.9100', 165306645, '4280267571200.00', '56.80', '0.0200', '179.3800', '86.6200', 148149300, NULL, '3.0900', 'Technology', NULL, 'USD', 'NMS', 5, '2025-07-30 06:09:16', '2025-07-30 06:09:16'),
(216, 'TSLA', 'Tesla', '2025-06-30 16:00:00', '326.2100', '310.9900', '336.6900', '317.8300', 97421883, '1036014583808.00', '192.34', NULL, '488.5400', '182.0000', 101615880, NULL, '1.6700', 'Consumer Discretionary', NULL, 'USD', 'NMS', 6, '2025-07-30 06:09:16', '2025-07-30 06:09:16'),
(217, 'META', 'Meta Platforms', '2025-06-30 16:00:00', '699.6900', '688.0300', '708.8300', '682.8500', 16020160, '1760031014912.00', '27.40', '0.2900', '747.9000', '450.8000', 10588330, NULL, '25.5500', 'Communication Services', NULL, 'USD', 'NMS', 7, '2025-07-30 06:09:16', '2025-07-30 06:09:16'),
(218, 'BRK-B', 'Berkshire Hathaway Inc. New', '2025-06-30 16:00:00', '463.7800', '488.6600', '476.1700', '496.4700', 4922963, '1027911319552.00', '12.70', NULL, '542.0700', '406.1100', 4162950, NULL, '37.5200', 'Financial Services', NULL, 'USD', 'NYQ', 8, '2025-07-30 06:09:16', '2025-07-30 06:09:16'),
(219, 'UNH', 'UnitedHealth Group Incorporated', '2025-06-30 16:00:00', '265.6300', '261.6600', '260.2500', '265.4700', 39728548, '236827033600.00', '11.30', '3.1300', '630.7300', '248.8800', 17395190, NULL, '23.1000', 'Healthcare', NULL, 'USD', 'NYQ', 9, '2025-07-30 06:09:16', '2025-07-30 06:09:16'),
(220, 'JNJ', 'Johnson & Johnson', '2025-06-30 16:00:00', '166.0500', '167.2800', '167.0400', '165.0300', 7483310, '404866039808.00', '17.98', '3.1300', '169.9900', '140.6800', 9995150, NULL, '9.3500', 'Healthcare', NULL, 'USD', 'NYQ', 10, '2025-07-30 06:09:16', '2025-07-30 06:09:16'),
(221, 'AAPL', 'Apple', '2025-06-29 16:00:00', '213.5700', '211.8000', '209.5600', '215.9300', 46116317, '3155486572544.00', '32.91', '0.4900', '260.1000', '169.2100', 46339700, NULL, '6.4200', 'Technology', NULL, 'USD', 'NMS', 1, '2025-07-30 06:09:16', '2025-07-30 06:09:16'),
(222, 'MSFT', 'Microsoft', '2025-06-29 16:00:00', '502.7900', '516.2200', '512.4800', '514.6300', 15853428, '3809697071104.00', '39.67', '0.6500', '518.2900', '344.7900', 16418460, NULL, '12.9200', 'Technology', NULL, 'USD', 'NMS', 2, '2025-07-30 06:09:16', '2025-07-30 06:09:16'),
(223, 'GOOGL', 'Alphabet Inc.', '2025-06-29 16:00:00', '193.9500', '202.1300', '193.6800', '195.8200', 41714201, '2371100082176.00', '20.87', '0.4300', '207.0500', '140.5300', 44241360, NULL, '9.3800', 'Communication Services', NULL, 'USD', 'NMS', 3, '2025-07-30 06:09:16', '2025-07-30 06:09:16'),
(224, 'AMZN', 'Amazon.com', '2025-06-29 16:00:00', '229.2400', '232.0600', '228.1200', '230.7300', 25515989, '2452494483456.00', '37.62', NULL, '242.5200', '151.6100', 34690050, NULL, '6.1400', 'Consumer Discretionary', NULL, 'USD', 'NMS', 4, '2025-07-30 06:09:16', '2025-07-30 06:09:16'),
(225, 'NVDA', 'NVIDIA', '2025-06-29 16:00:00', '179.0300', '174.2200', '174.8400', '174.9800', 153390922, '4280267571200.00', '56.80', '0.0200', '179.3800', '86.6200', 148149300, NULL, '3.0900', 'Technology', NULL, 'USD', 'NMS', 5, '2025-07-30 06:09:16', '2025-07-30 06:09:16'),
(226, 'TSLA', 'Tesla', '2025-06-29 16:00:00', '326.2300', '320.5200', '305.0100', '327.9100', 87155759, '1036014583808.00', '192.34', NULL, '488.5400', '182.0000', 101615880, NULL, '1.6700', 'Consumer Discretionary', NULL, 'USD', 'NMS', 6, '2025-07-30 06:09:16', '2025-07-30 06:09:16'),
(227, 'META', 'Meta Platforms', '2025-06-29 16:00:00', '687.6900', '699.8400', '706.1800', '687.8400', 11292815, '1760031014912.00', '27.40', '0.2900', '747.9000', '450.8000', 10588330, NULL, '25.5500', 'Communication Services', NULL, 'USD', 'NMS', 7, '2025-07-30 06:09:16', '2025-07-30 06:09:16'),
(228, 'BRK-B', 'Berkshire Hathaway Inc. New', '2025-06-29 16:00:00', '459.8100', '473.7300', '474.6900', '459.8300', 4480353, '1027911319552.00', '12.70', NULL, '542.0700', '406.1100', 4162950, NULL, '37.5200', 'Financial Services', NULL, 'USD', 'NYQ', 8, '2025-07-30 06:09:16', '2025-07-30 06:09:16'),
(229, 'UNH', 'UnitedHealth Group Incorporated', '2025-06-29 16:00:00', '261.7000', '262.5400', '257.6100', '261.2200', 35880398, '236827033600.00', '11.30', '3.1300', '630.7300', '248.8800', 17395190, NULL, '23.1000', 'Healthcare', NULL, 'USD', 'NYQ', 9, '2025-07-30 06:09:16', '2025-07-30 06:09:16'),
(230, 'JNJ', 'Johnson & Johnson', '2025-06-29 16:00:00', '168.2800', '165.6000', '166.8000', '169.6600', 8657035, '404866039808.00', '17.98', '3.1300', '169.9900', '140.6800', 9995150, NULL, '9.3500', 'Healthcare', NULL, 'USD', 'NYQ', 10, '2025-07-30 06:09:16', '2025-07-30 06:09:16'),
(231, 'AAPL', 'Apple', '2025-06-26 16:00:00', '209.7800', '211.2900', '216.5100', '210.2700', 45559851, '3155486572544.00', '32.91', '0.4900', '260.1000', '169.2100', 46339700, NULL, '6.4200', 'Technology', NULL, 'USD', 'NMS', 1, '2025-07-30 06:09:16', '2025-07-30 06:09:16'),
(232, 'MSFT', 'Microsoft', '2025-06-26 16:00:00', '505.9000', '514.3000', '501.9400', '506.7300', 16476742, '3809697071104.00', '39.67', '0.6500', '518.2900', '344.7900', 16418460, NULL, '12.9200', 'Technology', NULL, 'USD', 'NMS', 2, '2025-07-30 06:09:16', '2025-07-30 06:09:16'),
(233, 'GOOGL', 'Alphabet Inc.', '2025-06-26 16:00:00', '198.7100', '197.5500', '199.8200', '201.2200', 45908432, '2371100082176.00', '20.87', '0.4300', '207.0500', '140.5300', 44241360, NULL, '9.3800', 'Communication Services', NULL, 'USD', 'NMS', 3, '2025-07-30 06:09:16', '2025-07-30 06:09:16'),
(234, 'AMZN', 'Amazon.com', '2025-06-26 16:00:00', '232.5300', '231.9800', '228.3300', '235.1500', 28189362, '2452494483456.00', '37.62', NULL, '242.5200', '151.6100', 34690050, NULL, '6.1400', 'Consumer Discretionary', NULL, 'USD', 'NMS', 4, '2025-07-30 06:09:16', '2025-07-30 06:09:16'),
(235, 'NVDA', 'NVIDIA', '2025-06-26 16:00:00', '174.0000', '172.8900', '173.4700', '171.4800', 185054057, '4280267571200.00', '56.80', '0.0200', '179.3800', '86.6200', 148149300, NULL, '3.0900', 'Technology', NULL, 'USD', 'NMS', 5, '2025-07-30 06:09:16', '2025-07-30 06:09:16'),
(236, 'TSLA', 'Tesla', '2025-06-26 16:00:00', '326.8000', '322.1600', '302.3100', '320.9400', 67448435, '1036014583808.00', '192.34', NULL, '488.5400', '182.0000', 101615880, NULL, '1.6700', 'Consumer Discretionary', NULL, 'USD', 'NMS', 6, '2025-07-30 06:09:16', '2025-07-30 06:09:16'),
(237, 'META', 'Meta Platforms', '2025-06-26 16:00:00', '710.1000', '702.3700', '675.0400', '694.8400', 15822841, '1760031014912.00', '27.40', '0.2900', '747.9000', '450.8000', 10588330, NULL, '25.5500', 'Communication Services', NULL, 'USD', 'NMS', 7, '2025-07-30 06:09:16', '2025-07-30 06:09:16'),
(238, 'BRK-B', 'Berkshire Hathaway Inc. New', '2025-06-26 16:00:00', '475.1400', '481.2600', '487.5100', '474.4500', 3860222, '1027911319552.00', '12.70', NULL, '542.0700', '406.1100', 4162950, NULL, '37.5200', 'Financial Services', NULL, 'USD', 'NYQ', 8, '2025-07-30 06:09:16', '2025-07-30 06:09:16'),
(239, 'UNH', 'UnitedHealth Group Incorporated', '2025-06-26 16:00:00', '258.3600', '252.7800', '257.3100', '260.1100', 43652178, '236827033600.00', '11.30', '3.1300', '630.7300', '248.8800', 17395190, NULL, '23.1000', 'Healthcare', NULL, 'USD', 'NYQ', 9, '2025-07-30 06:09:16', '2025-07-30 06:09:16'),
(240, 'JNJ', 'Johnson & Johnson', '2025-06-26 16:00:00', '170.9900', '169.6500', '167.0300', '166.6000', 7140614, '404866039808.00', '17.98', '3.1300', '169.9900', '140.6800', 9995150, NULL, '9.3500', 'Healthcare', NULL, 'USD', 'NYQ', 10, '2025-07-30 06:09:16', '2025-07-30 06:09:16'),
(241, 'AAPL', 'Apple', '2025-06-25 16:00:00', '205.9400', '209.6500', '209.4400', '204.8600', 56950495, '3155486572544.00', '32.91', '0.4900', '260.1000', '169.2100', 46339700, NULL, '6.4200', 'Technology', NULL, 'USD', 'NMS', 1, '2025-07-30 06:09:16', '2025-07-30 06:09:16'),
(242, 'MSFT', 'Microsoft', '2025-06-25 16:00:00', '487.3200', '505.1700', '512.5200', '492.2400', 13672864, '3809697071104.00', '39.67', '0.6500', '518.2900', '344.7900', 16418460, NULL, '12.9200', 'Technology', NULL, 'USD', 'NMS', 2, '2025-07-30 06:09:16', '2025-07-30 06:09:16'),
(243, 'GOOGL', 'Alphabet Inc.', '2025-06-25 16:00:00', '198.9900', '197.6200', '197.2600', '195.8800', 50243711, '2371100082176.00', '20.87', '0.4300', '207.0500', '140.5300', 44241360, NULL, '9.3800', 'Communication Services', NULL, 'USD', 'NMS', 3, '2025-07-30 06:09:16', '2025-07-30 06:09:16'),
(244, 'AMZN', 'Amazon.com', '2025-06-25 16:00:00', '235.1600', '234.6900', '226.5700', '231.5500', 35401362, '2452494483456.00', '37.62', NULL, '242.5200', '151.6100', 34690050, NULL, '6.1400', 'Consumer Discretionary', NULL, 'USD', 'NMS', 4, '2025-07-30 06:09:16', '2025-07-30 06:09:16'),
(245, 'NVDA', 'NVIDIA', '2025-06-25 16:00:00', '175.6700', '175.3400', '174.0800', '175.1600', 173438010, '4280267571200.00', '56.80', '0.0200', '179.3800', '86.6200', 148149300, NULL, '3.0900', 'Technology', NULL, 'USD', 'NMS', 5, '2025-07-30 06:09:16', '2025-07-30 06:09:16'),
(246, 'TSLA', 'Tesla', '2025-06-25 16:00:00', '327.1100', '321.9500', '318.9400', '322.7300', 104008423, '1036014583808.00', '192.34', NULL, '488.5400', '182.0000', 101615880, NULL, '1.6700', 'Consumer Discretionary', NULL, 'USD', 'NMS', 6, '2025-07-30 06:09:16', '2025-07-30 06:09:16'),
(247, 'META', 'Meta Platforms', '2025-06-25 16:00:00', '699.9700', '700.3900', '703.5000', '707.6900', 10128432, '1760031014912.00', '27.40', '0.2900', '747.9000', '450.8000', 10588330, NULL, '25.5500', 'Communication Services', NULL, 'USD', 'NMS', 7, '2025-07-30 06:09:16', '2025-07-30 06:09:16'),
(248, 'BRK-B', 'Berkshire Hathaway Inc. New', '2025-06-25 16:00:00', '464.2200', '475.0800', '472.0300', '464.6100', 4927450, '1027911319552.00', '12.70', NULL, '542.0700', '406.1100', 4162950, NULL, '37.5200', 'Financial Services', NULL, 'USD', 'NYQ', 8, '2025-07-30 06:09:16', '2025-07-30 06:09:16'),
(249, 'UNH', 'UnitedHealth Group Incorporated', '2025-06-25 16:00:00', '258.8800', '259.7600', '260.9900', '261.8200', 43954853, '236827033600.00', '11.30', '3.1300', '630.7300', '248.8800', 17395190, NULL, '23.1000', 'Healthcare', NULL, 'USD', 'NYQ', 9, '2025-07-30 06:09:16', '2025-07-30 06:09:16'),
(250, 'JNJ', 'Johnson & Johnson', '2025-06-25 16:00:00', '168.1900', '171.6600', '170.8000', '169.2600', 5905052, '404866039808.00', '17.98', '3.1300', '169.9900', '140.6800', 9995150, NULL, '9.3500', 'Healthcare', NULL, 'USD', 'NYQ', 10, '2025-07-30 06:09:16', '2025-07-30 06:09:16'),
(251, 'AAPL', 'Apple', '2025-06-24 16:00:00', '212.5500', '206.0900', '202.7700', '209.0800', 42150100, '3155486572544.00', '32.91', '0.4900', '260.1000', '169.2100', 46339700, NULL, '6.4200', 'Technology', NULL, 'USD', 'NMS', 1, '2025-07-30 06:09:16', '2025-07-30 06:09:16'),
(252, 'MSFT', 'Microsoft', '2025-06-24 16:00:00', '509.1900', '514.1700', '517.3600', '505.5900', 19547978, '3809697071104.00', '39.67', '0.6500', '518.2900', '344.7900', 16418460, NULL, '12.9200', 'Technology', NULL, 'USD', 'NMS', 2, '2025-07-30 06:09:16', '2025-07-30 06:09:16'),
(253, 'GOOGL', 'Alphabet Inc.', '2025-06-24 16:00:00', '202.8000', '195.6600', '196.7400', '202.8300', 37232741, '2371100082176.00', '20.87', '0.4300', '207.0500', '140.5300', 44241360, NULL, '9.3800', 'Communication Services', NULL, 'USD', 'NMS', 3, '2025-07-30 06:09:16', '2025-07-30 06:09:16'),
(254, 'AMZN', 'Amazon.com', '2025-06-24 16:00:00', '234.0300', '235.8100', '223.0500', '229.5100', 38531174, '2452494483456.00', '37.62', NULL, '242.5200', '151.6100', 34690050, NULL, '6.1400', 'Consumer Discretionary', NULL, 'USD', 'NMS', 4, '2025-07-30 06:09:16', '2025-07-30 06:09:16'),
(255, 'NVDA', 'NVIDIA', '2025-06-24 16:00:00', '176.4200', '175.7700', '177.5200', '177.2300', 120982878, '4280267571200.00', '56.80', '0.0200', '179.3800', '86.6200', 148149300, NULL, '3.0900', 'Technology', NULL, 'USD', 'NMS', 5, '2025-07-30 06:09:16', '2025-07-30 06:09:16'),
(256, 'TSLA', 'Tesla', '2025-06-24 16:00:00', '320.4700', '325.6400', '332.8200', '323.8400', 104287252, '1036014583808.00', '192.34', NULL, '488.5400', '182.0000', 101615880, NULL, '1.6700', 'Consumer Discretionary', NULL, 'USD', 'NMS', 6, '2025-07-30 06:09:16', '2025-07-30 06:09:16'),
(257, 'META', 'Meta Platforms', '2025-06-24 16:00:00', '707.3500', '701.4200', '698.7600', '703.1800', 16477602, '1760031014912.00', '27.40', '0.2900', '747.9000', '450.8000', 10588330, NULL, '25.5500', 'Communication Services', NULL, 'USD', 'NMS', 7, '2025-07-30 06:09:16', '2025-07-30 06:09:16'),
(258, 'BRK-B', 'Berkshire Hathaway Inc. New', '2025-06-24 16:00:00', '474.3600', '475.5800', '477.9400', '468.9400', 4291233, '1027911319552.00', '12.70', NULL, '542.0700', '406.1100', 4162950, NULL, '37.5200', 'Financial Services', NULL, 'USD', 'NYQ', 8, '2025-07-30 06:09:16', '2025-07-30 06:09:16'),
(259, 'UNH', 'UnitedHealth Group Incorporated', '2025-06-24 16:00:00', '264.1800', '258.7600', '259.5300', '267.3300', 34631484, '236827033600.00', '11.30', '3.1300', '630.7300', '248.8800', 17395190, NULL, '23.1000', 'Healthcare', NULL, 'USD', 'NYQ', 9, '2025-07-30 06:09:16', '2025-07-30 06:09:16'),
(260, 'JNJ', 'Johnson & Johnson', '2025-06-24 16:00:00', '169.5300', '170.9700', '167.2000', '169.8900', 8654430, '404866039808.00', '17.98', '3.1300', '169.9900', '140.6800', 9995150, NULL, '9.3500', 'Healthcare', NULL, 'USD', 'NYQ', 10, '2025-07-30 06:09:16', '2025-07-30 06:09:16'),
(261, 'AAPL', 'Apple', '2025-06-23 16:00:00', '211.1300', '217.5800', '213.8100', '213.2300', 46721682, '3155486572544.00', '32.91', '0.4900', '260.1000', '169.2100', 46339700, NULL, '6.4200', 'Technology', NULL, 'USD', 'NMS', 1, '2025-07-30 06:09:16', '2025-07-30 06:09:16'),
(262, 'MSFT', 'Microsoft', '2025-06-23 16:00:00', '507.3100', '511.2300', '516.7000', '518.0400', 13621371, '3809697071104.00', '39.67', '0.6500', '518.2900', '344.7900', 16418460, NULL, '12.9200', 'Technology', NULL, 'USD', 'NMS', 2, '2025-07-30 06:09:16', '2025-07-30 06:09:16'),
(263, 'GOOGL', 'Alphabet Inc.', '2025-06-23 16:00:00', '196.8300', '197.2700', '193.6800', '196.8600', 47629689, '2371100082176.00', '20.87', '0.4300', '207.0500', '140.5300', 44241360, NULL, '9.3800', 'Communication Services', NULL, 'USD', 'NMS', 3, '2025-07-30 06:09:16', '2025-07-30 06:09:16'),
(264, 'AMZN', 'Amazon.com', '2025-06-23 16:00:00', '233.3700', '230.5000', '233.1900', '226.3600', 25352322, '2452494483456.00', '37.62', NULL, '242.5200', '151.6100', 34690050, NULL, '6.1400', 'Consumer Discretionary', NULL, 'USD', 'NMS', 4, '2025-07-30 06:09:16', '2025-07-30 06:09:16'),
(265, 'NVDA', 'NVIDIA', '2025-06-23 16:00:00', '171.9100', '173.6800', '172.5300', '172.7500', 130062324, '4280267571200.00', '56.80', '0.0200', '179.3800', '86.6200', 148149300, NULL, '3.0900', 'Technology', NULL, 'USD', 'NMS', 5, '2025-07-30 06:09:16', '2025-07-30 06:09:16'),
(266, 'TSLA', 'Tesla', '2025-06-23 16:00:00', '313.1800', '306.8200', '331.3500', '321.5400', 76606976, '1036014583808.00', '192.34', NULL, '488.5400', '182.0000', 101615880, NULL, '1.6700', 'Consumer Discretionary', NULL, 'USD', 'NMS', 6, '2025-07-30 06:09:16', '2025-07-30 06:09:16'),
(267, 'META', 'Meta Platforms', '2025-06-23 16:00:00', '713.9500', '707.6100', '722.0100', '719.5700', 15115583, '1760031014912.00', '27.40', '0.2900', '747.9000', '450.8000', 10588330, NULL, '25.5500', 'Communication Services', NULL, 'USD', 'NMS', 7, '2025-07-30 06:09:16', '2025-07-30 06:09:16'),
(268, 'BRK-B', 'Berkshire Hathaway Inc. New', '2025-06-23 16:00:00', '460.0400', '493.7900', '471.1900', '454.4300', 3414709, '1027911319552.00', '12.70', NULL, '542.0700', '406.1100', 4162950, NULL, '37.5200', 'Financial Services', NULL, 'USD', 'NYQ', 8, '2025-07-30 06:09:16', '2025-07-30 06:09:16'),
(269, 'UNH', 'UnitedHealth Group Incorporated', '2025-06-23 16:00:00', '264.5900', '262.6300', '258.5300', '261.7800', 43048905, '236827033600.00', '11.30', '3.1300', '630.7300', '248.8800', 17395190, NULL, '23.1000', 'Healthcare', NULL, 'USD', 'NYQ', 9, '2025-07-30 06:09:16', '2025-07-30 06:09:16'),
(270, 'JNJ', 'Johnson & Johnson', '2025-06-23 16:00:00', '165.7000', '166.1200', '166.2100', '167.8700', 8197838, '404866039808.00', '17.98', '3.1300', '169.9900', '140.6800', 9995150, NULL, '9.3500', 'Healthcare', NULL, 'USD', 'NYQ', 10, '2025-07-30 06:09:16', '2025-07-30 06:09:16'),
(271, 'AAPL', 'Apple', '2025-06-22 16:00:00', '210.7000', '212.4200', '211.9900', '211.7600', 44839739, '3155486572544.00', '32.91', '0.4900', '260.1000', '169.2100', 46339700, NULL, '6.4200', 'Technology', NULL, 'USD', 'NMS', 1, '2025-07-30 06:09:16', '2025-07-30 06:09:16'),
(272, 'MSFT', 'Microsoft', '2025-06-22 16:00:00', '500.7700', '510.0800', '526.1500', '514.5900', 17730801, '3809697071104.00', '39.67', '0.6500', '518.2900', '344.7900', 16418460, NULL, '12.9200', 'Technology', NULL, 'USD', 'NMS', 2, '2025-07-30 06:09:16', '2025-07-30 06:09:16'),
(273, 'GOOGL', 'Alphabet Inc.', '2025-06-22 16:00:00', '196.3000', '193.9800', '201.3700', '194.9400', 38584588, '2371100082176.00', '20.87', '0.4300', '207.0500', '140.5300', 44241360, NULL, '9.3800', 'Communication Services', NULL, 'USD', 'NMS', 3, '2025-07-30 06:09:16', '2025-07-30 06:09:16'),
(274, 'AMZN', 'Amazon.com', '2025-06-22 16:00:00', '227.8100', '229.5100', '226.4900', '229.8800', 38900915, '2452494483456.00', '37.62', NULL, '242.5200', '151.6100', 34690050, NULL, '6.1400', 'Consumer Discretionary', NULL, 'USD', 'NMS', 4, '2025-07-30 06:09:16', '2025-07-30 06:09:16'),
(275, 'NVDA', 'NVIDIA', '2025-06-22 16:00:00', '178.5000', '177.7400', '171.7000', '177.4000', 170938125, '4280267571200.00', '56.80', '0.0200', '179.3800', '86.6200', 148149300, NULL, '3.0900', 'Technology', NULL, 'USD', 'NMS', 5, '2025-07-30 06:09:16', '2025-07-30 06:09:16'),
(276, 'TSLA', 'Tesla', '2025-06-22 16:00:00', '325.8900', '317.6300', '309.1800', '323.0600', 97567434, '1036014583808.00', '192.34', NULL, '488.5400', '182.0000', 101615880, NULL, '1.6700', 'Consumer Discretionary', NULL, 'USD', 'NMS', 6, '2025-07-30 06:09:16', '2025-07-30 06:09:16'),
(277, 'META', 'Meta Platforms', '2025-06-22 16:00:00', '709.3800', '698.1200', '702.3100', '705.7900', 11473253, '1760031014912.00', '27.40', '0.2900', '747.9000', '450.8000', 10588330, NULL, '25.5500', 'Communication Services', NULL, 'USD', 'NMS', 7, '2025-07-30 06:09:16', '2025-07-30 06:09:16'),
(278, 'BRK-B', 'Berkshire Hathaway Inc. New', '2025-06-22 16:00:00', '471.7600', '469.7600', '465.9100', '474.9500', 4036768, '1027911319552.00', '12.70', NULL, '542.0700', '406.1100', 4162950, NULL, '37.5200', 'Financial Services', NULL, 'USD', 'NYQ', 8, '2025-07-30 06:09:16', '2025-07-30 06:09:16'),
(279, 'UNH', 'UnitedHealth Group Incorporated', '2025-06-22 16:00:00', '260.5700', '259.8300', '255.3300', '256.1200', 47079392, '236827033600.00', '11.30', '3.1300', '630.7300', '248.8800', 17395190, NULL, '23.1000', 'Healthcare', NULL, 'USD', 'NYQ', 9, '2025-07-30 06:09:16', '2025-07-30 06:09:16'),
(280, 'JNJ', 'Johnson & Johnson', '2025-06-22 16:00:00', '168.8900', '170.4800', '169.7400', '174.7900', 8918377, '404866039808.00', '17.98', '3.1300', '169.9900', '140.6800', 9995150, NULL, '9.3500', 'Healthcare', NULL, 'USD', 'NYQ', 10, '2025-07-30 06:09:16', '2025-07-30 06:09:16'),
(281, 'AAPL', 'Apple', '2025-06-19 16:00:00', '202.1300', '208.4900', '211.3100', '208.1100', 53894933, '3155486572544.00', '32.91', '0.4900', '260.1000', '169.2100', 46339700, NULL, '6.4200', 'Technology', NULL, 'USD', 'NMS', 1, '2025-07-30 06:09:16', '2025-07-30 06:09:16'),
(282, 'MSFT', 'Microsoft', '2025-06-19 16:00:00', '500.1400', '526.6100', '515.8100', '522.2400', 16494149, '3809697071104.00', '39.67', '0.6500', '518.2900', '344.7900', 16418460, NULL, '12.9200', 'Technology', NULL, 'USD', 'NMS', 2, '2025-07-30 06:09:16', '2025-07-30 06:09:16'),
(283, 'GOOGL', 'Alphabet Inc.', '2025-06-19 16:00:00', '194.3000', '193.6500', '192.2800', '197.1800', 32345479, '2371100082176.00', '20.87', '0.4300', '207.0500', '140.5300', 44241360, NULL, '9.3800', 'Communication Services', NULL, 'USD', 'NMS', 3, '2025-07-30 06:09:16', '2025-07-30 06:09:16'),
(284, 'AMZN', 'Amazon.com', '2025-06-19 16:00:00', '232.6500', '233.3400', '231.6000', '232.7300', 38563799, '2452494483456.00', '37.62', NULL, '242.5200', '151.6100', 34690050, NULL, '6.1400', 'Consumer Discretionary', NULL, 'USD', 'NMS', 4, '2025-07-30 06:09:16', '2025-07-30 06:09:16'),
(285, 'NVDA', 'NVIDIA', '2025-06-19 16:00:00', '175.8200', '175.9200', '177.6500', '175.2500', 189786701, '4280267571200.00', '56.80', '0.0200', '179.3800', '86.6200', 148149300, NULL, '3.0900', 'Technology', NULL, 'USD', 'NMS', 5, '2025-07-30 06:09:16', '2025-07-30 06:09:16'),
(286, 'TSLA', 'Tesla', '2025-06-19 16:00:00', '315.3900', '322.5700', '318.6900', '340.1000', 79046436, '1036014583808.00', '192.34', NULL, '488.5400', '182.0000', 101615880, NULL, '1.6700', 'Consumer Discretionary', NULL, 'USD', 'NMS', 6, '2025-07-30 06:09:16', '2025-07-30 06:09:16'),
(287, 'META', 'Meta Platforms', '2025-06-19 16:00:00', '704.1200', '705.3900', '712.6200', '702.8700', 10224234, '1760031014912.00', '27.40', '0.2900', '747.9000', '450.8000', 10588330, NULL, '25.5500', 'Communication Services', NULL, 'USD', 'NMS', 7, '2025-07-30 06:09:16', '2025-07-30 06:09:16'),
(288, 'BRK-B', 'Berkshire Hathaway Inc. New', '2025-06-19 16:00:00', '483.1100', '470.2600', '471.9300', '469.1400', 4023284, '1027911319552.00', '12.70', NULL, '542.0700', '406.1100', 4162950, NULL, '37.5200', 'Financial Services', NULL, 'USD', 'NYQ', 8, '2025-07-30 06:09:16', '2025-07-30 06:09:16'),
(289, 'UNH', 'UnitedHealth Group Incorporated', '2025-06-19 16:00:00', '253.9300', '254.7400', '260.3800', '261.6200', 29508953, '236827033600.00', '11.30', '3.1300', '630.7300', '248.8800', 17395190, NULL, '23.1000', 'Healthcare', NULL, 'USD', 'NYQ', 9, '2025-07-30 06:09:16', '2025-07-30 06:09:16'),
(290, 'JNJ', 'Johnson & Johnson', '2025-06-19 16:00:00', '167.6600', '167.0800', '169.0900', '166.8000', 9071894, '404866039808.00', '17.98', '3.1300', '169.9900', '140.6800', 9995150, NULL, '9.3500', 'Healthcare', NULL, 'USD', 'NYQ', 10, '2025-07-30 06:09:16', '2025-07-30 06:09:16'),
(291, 'AAPL', 'Apple', '2025-06-18 16:00:00', '214.5900', '209.2800', '209.1700', '216.8000', 57341942, '3155486572544.00', '32.91', '0.4900', '260.1000', '169.2100', 46339700, NULL, '6.4200', 'Technology', NULL, 'USD', 'NMS', 1, '2025-07-30 06:09:16', '2025-07-30 06:09:16'),
(292, 'MSFT', 'Microsoft', '2025-06-18 16:00:00', '512.4100', '509.9700', '511.5300', '513.6400', 16384210, '3809697071104.00', '39.67', '0.6500', '518.2900', '344.7900', 16418460, NULL, '12.9200', 'Technology', NULL, 'USD', 'NMS', 2, '2025-07-30 06:09:16', '2025-07-30 06:09:16'),
(293, 'GOOGL', 'Alphabet Inc.', '2025-06-18 16:00:00', '192.5600', '197.2500', '196.4200', '187.0500', 46914764, '2371100082176.00', '20.87', '0.4300', '207.0500', '140.5300', 44241360, NULL, '9.3800', 'Communication Services', NULL, 'USD', 'NMS', 3, '2025-07-30 06:09:16', '2025-07-30 06:09:16'),
(294, 'AMZN', 'Amazon.com', '2025-06-18 16:00:00', '227.2800', '227.3100', '229.5200', '227.2300', 31776938, '2452494483456.00', '37.62', NULL, '242.5200', '151.6100', 34690050, NULL, '6.1400', 'Consumer Discretionary', NULL, 'USD', 'NMS', 4, '2025-07-30 06:09:16', '2025-07-30 06:09:16'),
(295, 'NVDA', 'NVIDIA', '2025-06-18 16:00:00', '172.7300', '176.3900', '177.2100', '173.3300', 125605305, '4280267571200.00', '56.80', '0.0200', '179.3800', '86.6200', 148149300, NULL, '3.0900', 'Technology', NULL, 'USD', 'NMS', 5, '2025-07-30 06:09:16', '2025-07-30 06:09:16'),
(296, 'TSLA', 'Tesla', '2025-06-18 16:00:00', '318.0500', '320.3800', '314.6900', '318.9200', 65666353, '1036014583808.00', '192.34', NULL, '488.5400', '182.0000', 101615880, NULL, '1.6700', 'Consumer Discretionary', NULL, 'USD', 'NMS', 6, '2025-07-30 06:09:16', '2025-07-30 06:09:16'),
(297, 'META', 'Meta Platforms', '2025-06-18 16:00:00', '702.8400', '702.9600', '682.2700', '717.9200', 14684736, '1760031014912.00', '27.40', '0.2900', '747.9000', '450.8000', 10588330, NULL, '25.5500', 'Communication Services', NULL, 'USD', 'NMS', 7, '2025-07-30 06:09:16', '2025-07-30 06:09:16'),
(298, 'BRK-B', 'Berkshire Hathaway Inc. New', '2025-06-18 16:00:00', '479.4700', '484.8000', '481.2800', '487.7500', 4929853, '1027911319552.00', '12.70', NULL, '542.0700', '406.1100', 4162950, NULL, '37.5200', 'Financial Services', NULL, 'USD', 'NYQ', 8, '2025-07-30 06:09:16', '2025-07-30 06:09:16'),
(299, 'UNH', 'UnitedHealth Group Incorporated', '2025-06-18 16:00:00', '257.4700', '253.2700', '269.6600', '255.4300', 35366472, '236827033600.00', '11.30', '3.1300', '630.7300', '248.8800', 17395190, NULL, '23.1000', 'Healthcare', NULL, 'USD', 'NYQ', 9, '2025-07-30 06:09:16', '2025-07-30 06:09:16'),
(300, 'JNJ', 'Johnson & Johnson', '2025-06-18 16:00:00', '169.6200', '169.5100', '172.8600', '170.8500', 9574328, '404866039808.00', '17.98', '3.1300', '169.9900', '140.6800', 9995150, NULL, '9.3500', 'Healthcare', NULL, 'USD', 'NYQ', 10, '2025-07-30 06:09:16', '2025-07-30 06:09:16');

-- Table structure for transactions
DROP TABLE IF EXISTS `transactions`;
CREATE TABLE `transactions` (
  `id` int NOT NULL AUTO_INCREMENT,
  `portfolio_id` int NOT NULL,
  `portfolio_item_id` int DEFAULT NULL,
  `transaction_type` enum('buy','sell','dividend','split','transfer','fee','deposit','withdrawal') NOT NULL,
  `symbol` varchar(20) NOT NULL,
  `asset_name` varchar(255) NOT NULL,
  `quantity` decimal(15,6) NOT NULL,
  `price_per_unit` decimal(15,2) NOT NULL,
  `total_amount` decimal(15,2) NOT NULL,
  `fees` decimal(15,2) DEFAULT '0.00',
  `transaction_date` date NOT NULL,
  `description` text,
  `reference_number` varchar(100) DEFAULT NULL,
  `status` enum('pending','completed','cancelled') DEFAULT 'completed',
  `created_at` timestamp NULL DEFAULT CURRENT_TIMESTAMP,
  `updated_at` timestamp NULL DEFAULT CURRENT_TIMESTAMP ON UPDATE CURRENT_TIMESTAMP,
  PRIMARY KEY (`id`),
  KEY `portfolio_item_id` (`portfolio_item_id`),
  KEY `idx_portfolio_id` (`portfolio_id`),
  KEY `idx_symbol` (`symbol`),
  KEY `idx_transaction_type` (`transaction_type`),
  KEY `idx_transaction_date` (`transaction_date`),
  KEY `idx_status` (`status`),
  CONSTRAINT `transactions_ibfk_1` FOREIGN KEY (`portfolio_id`) REFERENCES `portfolios` (`id`) ON DELETE CASCADE,
  CONSTRAINT `transactions_ibfk_2` FOREIGN KEY (`portfolio_item_id`) REFERENCES `portfolio_items` (`id`) ON DELETE SET NULL
) ENGINE=InnoDB AUTO_INCREMENT=17 DEFAULT CHARSET=utf8mb4 COLLATE=utf8mb4_0900_ai_ci;

-- Data for table transactions
INSERT INTO `transactions` VALUES
(6, 7, NULL, 'buy', 'AAPL', 'Apple Inc', '200.000000', '99.00', '19800.00', '0.00', '2025-07-28 16:00:00', 'Initial purchase of Apple Inc (AAPL)', NULL, 'completed', '2025-07-29 05:46:04', '2025-07-29 05:46:04'),
(8, 7, NULL, 'buy', 'AAPL', 'Apple, Inc', '20.000000', '90.00', '1800.00', '0.00', '2025-07-28 16:00:00', 'Initial purchase of Apple, Inc (AAPL)', NULL, 'completed', '2025-07-29 05:48:12', '2025-07-29 05:48:12'),
(10, 7, NULL, 'sell', 'AAPL', 'Apple Inc', '10.000000', '120.00', '1200.00', '0.00', '2025-07-28 16:00:00', 'Partial sale of Apple Inc (AAPL)', NULL, 'completed', '2025-07-29 05:55:43', '2025-07-29 05:55:43'),
(13, 7, NULL, 'sell', 'AAPL', 'Apple Inc', '190.000000', '120.00', '22800.00', '0.00', '2025-07-29 16:00:00', 'Sell All - Complete liquidation of Apple Inc (AAPL)', NULL, 'completed', '2025-07-30 01:42:04', '2025-07-30 01:42:04'),
(14, 7, NULL, 'sell', 'AAPL', 'Apple, Inc', '20.000000', '91.00', '1820.00', '0.00', '2025-07-29 16:00:00', 'Sell All - Complete liquidation of Apple, Inc (AAPL)', NULL, 'completed', '2025-07-30 01:42:04', '2025-07-30 01:42:04'),
(15, 7, 34, 'buy', 'AAPL', 'Alibaba, Inc.', '100.000000', '100.00', '10000.00', '0.00', '2025-07-29 16:00:00', 'Initial purchase of Alibaba, Inc. (AAPL)', NULL, 'completed', '2025-07-30 02:43:37', '2025-07-30 02:43:37'),
(16, 7, 35, 'buy', 'AAPL', 'Apple, Inc.', '250.000000', '200.00', '50000.00', '0.00', '2025-07-29 16:00:00', 'Initial purchase of Apple, Inc. (AAPL)', NULL, 'completed', '2025-07-30 02:44:40', '2025-07-30 02:44:40');

SET FOREIGN_KEY_CHECKS = 1;
